gender,Age,abonoment_type,visit_per_week,avg_time_in_gym,name_personal_trainer,uses_sauna,avg_day,day_sin,day_cos,num_classes_attended,ratio_cardio,ratio_strength,ratio_mind_body,total_minutes,Berry Boost,Lemon,Passion Fruit,Coconut Pineapple,Orange,Black Currant
Female,27,Premium,4,116,No one,True,2.0,0.9749279121818236,-0.22252093395631434,3.0,0.3333333333333333,0.6666666666666666,0.0,1171,0,0,0,0,0,0
Female,47,Standard,3,48,Chantal,False,2.3333333333333335,0.8660254037844386,-0.5000000000000002,0.0,0.0,0.0,0.0,1171,0,0,0,0,0,0
Male,41,Premium,1,123,Mike,False,5.0,-0.9749279121818236,-0.2225209339563146,1.0,0.0,1.0,0.0,509,1,1,0,0,0,0
Male,44,Premium,3,99,Mike,True,2.6666666666666665,0.6801727377709197,-0.733051871829826,0.0,0.0,0.0,0.0,594,0,0,1,0,0,0
Male,44,Standard,2,50,Mike,False,2.5,0.7818314824680299,-0.6234898018587335,3.0,0.6666666666666666,0.0,0.3333333333333333,509,0,0,0,0,0,0
Female,15,Standard,1,180,No one,True,0.0,0.0,1.0,0.0,0.0,0.0,0.0,1039,0,0,0,0,0,0
Male,30,Premium,3,62,No one,False,3.3333333333333335,0.14904226617617428,-0.9888308262251285,2.0,0.0,0.5,0.0,1186,0,0,0,0,0,0
Male,20,Standard,2,95,No one,True,1.0,0.7818314824680298,0.6234898018587336,2.0,0.0,0.5,0.5,1065,0,0,0,1,0,0
Male,46,Premium,3,92,Mike,False,4.666666666666667,-0.8660254037844388,-0.4999999999999996,1.0,0.0,1.0,0.0,585,0,1,0,0,1,0
Female,24,Premium,1,144,Jeffrey,True,0.0,0.0,1.0,0.0,0.0,0.0,0.0,785,0,0,0,0,0,0
Male,41,Standard,1,36,Hanna,False,4.0,-0.433883739117558,-0.9009688679024191,0.0,0.0,0.0,0.0,830,0,0,0,0,0,0
Male,27,Premium,3,33,Mike,True,3.0,0.43388373911755823,-0.900968867902419,3.0,0.3333333333333333,0.3333333333333333,0.3333333333333333,612,0,0,1,0,0,0
Female,30,Standard,2,158,No one,True,4.0,-0.433883739117558,-0.9009688679024191,3.0,0.6666666666666666,0.3333333333333333,0.0,1024,0,0,1,0,0,0
Female,35,Premium,3,61,No one,False,1.0,0.7818314824680298,0.6234898018587336,0.0,0.0,0.0,0.0,1190,0,0,0,0,0,1
Female,35,Premium,1,145,Mike,False,5.0,-0.9749279121818236,-0.2225209339563146,0.0,0.0,0.0,0.0,1212,0,0,0,0,1,1
Female,36,Standard,4,61,No one,False,1.5,0.9749279121818236,0.22252093395631445,3.0,0.6666666666666666,0.3333333333333333,0.0,1048,0,0,0,0,0,0
Male,37,Premium,3,161,Jeffrey,True,5.0,-0.9749279121818236,-0.2225209339563146,0.0,0.0,0.0,0.0,565,0,0,0,0,0,0
Female,13,Standard,3,119,Mike,True,3.0,0.43388373911755823,-0.900968867902419,0.0,0.0,0.0,0.0,1014,0,0,0,0,0,0
Female,38,Standard,1,167,Hanna,True,1.0,0.7818314824680298,0.6234898018587336,1.0,0.0,0.0,1.0,601,0,0,0,0,1,0
Male,33,Premium,2,149,No one,False,3.5,1.2246467991473532e-16,-1.0,3.0,0.3333333333333333,0.3333333333333333,0.3333333333333333,835,0,0,0,0,0,0
Female,26,Premium,2,146,Hanna,False,2.0,0.9749279121818236,-0.22252093395631434,0.0,0.0,0.0,0.0,499,0,0,0,0,0,0
Male,26,Premium,3,154,No one,True,3.0,0.43388373911755823,-0.900968867902419,3.0,0.0,0.0,0.6666666666666666,906,0,1,0,0,0,0
Female,13,Standard,2,160,Mike,False,0.5,0.4338837391175581,0.9009688679024191,1.0,1.0,0.0,0.0,1256,0,0,1,0,1,0
Male,14,Premium,3,119,Jeffrey,True,2.6666666666666665,0.6801727377709197,-0.733051871829826,0.0,0.0,0.0,0.0,874,0,1,0,1,0,0
Female,16,Premium,1,112,No one,False,4.0,-0.433883739117558,-0.9009688679024191,0.0,0.0,0.0,0.0,522,0,0,0,0,0,0
Male,35,Standard,1,102,Chantal,False,4.0,-0.433883739117558,-0.9009688679024191,3.0,0.3333333333333333,0.0,0.6666666666666666,792,0,0,0,1,0,0
Male,19,Premium,3,118,No one,False,4.0,-0.433883739117558,-0.9009688679024191,1.0,1.0,0.0,0.0,901,1,0,1,0,0,0
Male,32,Standard,5,114,Chantal,False,3.6,-0.08963930890343337,-0.9959742939952391,3.0,0.3333333333333333,0.0,0.6666666666666666,1181,1,0,0,0,0,0
Female,27,Premium,1,91,No one,True,2.0,0.9749279121818236,-0.22252093395631434,0.0,0.0,0.0,0.0,685,0,0,0,0,1,0
Female,21,Premium,3,81,No one,True,2.3333333333333335,0.8660254037844386,-0.5000000000000002,3.0,0.6666666666666666,0.3333333333333333,0.0,1215,0,0,0,1,1,0
Male,36,Premium,3,130,Jeffrey,True,3.6666666666666665,-0.14904226617617403,-0.9888308262251286,0.0,0.0,0.0,0.0,601,0,0,0,0,0,0
Male,24,Standard,5,160,No one,False,3.4,0.08963930890343362,-0.9959742939952391,0.0,0.0,0.0,0.0,1253,0,1,0,0,0,1
Female,42,Premium,3,98,Chantal,True,4.0,-0.433883739117558,-0.9009688679024191,2.0,0.5,0.0,0.0,623,0,0,0,0,0,0
Female,47,Premium,2,86,Hanna,True,2.5,0.7818314824680299,-0.6234898018587335,3.0,0.3333333333333333,0.3333333333333333,0.3333333333333333,882,0,0,0,0,0,0
Male,20,Premium,5,159,Mike,True,2.4,0.8345732537213026,-0.5508969814521024,0.0,0.0,0.0,0.0,1095,0,0,0,0,0,0
Male,34,Standard,3,161,No one,True,4.0,-0.433883739117558,-0.9009688679024191,1.0,0.0,1.0,0.0,819,0,0,0,0,1,0
Female,43,Standard,5,79,No one,False,3.6,-0.08963930890343337,-0.9959742939952391,0.0,0.0,0.0,0.0,542,0,0,0,0,0,0
Female,40,Premium,2,118,No one,False,4.0,-0.433883739117558,-0.9009688679024191,0.0,0.0,0.0,0.0,519,0,0,0,0,0,0
Male,44,Premium,1,135,No one,False,2.0,0.9749279121818236,-0.22252093395631434,0.0,0.0,0.0,0.0,1243,1,0,0,1,0,0
Female,18,Premium,2,107,No one,True,0.5,0.4338837391175581,0.9009688679024191,1.0,0.0,0.0,0.0,626,0,0,1,0,0,1
Female,16,Premium,3,107,Hanna,True,2.3333333333333335,0.8660254037844386,-0.5000000000000002,0.0,0.0,0.0,0.0,964,0,0,0,1,0,0
Female,35,Standard,1,58,No one,False,6.0,-0.7818314824680299,0.6234898018587334,0.0,0.0,0.0,0.0,578,0,0,0,0,0,0
Female,29,Premium,1,99,Chantal,False,3.0,0.43388373911755823,-0.900968867902419,1.0,0.0,0.0,1.0,625,0,1,0,0,0,1
Female,28,Standard,1,142,Hanna,True,6.0,-0.7818314824680299,0.6234898018587334,0.0,0.0,0.0,0.0,709,0,0,1,1,0,0
Male,48,Premium,2,158,Hanna,True,1.5,0.9749279121818236,0.22252093395631445,0.0,0.0,0.0,0.0,597,0,0,0,0,0,0
Female,43,Standard,4,175,Hanna,False,2.5,0.7818314824680299,-0.6234898018587335,1.0,1.0,0.0,0.0,1121,0,0,0,0,0,0
Male,35,Standard,3,87,No one,False,3.0,0.43388373911755823,-0.900968867902419,0.0,0.0,0.0,0.0,902,0,0,0,0,0,0
Male,26,Premium,5,136,Jeffrey,True,2.8,0.5877852522924732,-0.8090169943749473,1.0,0.0,0.0,1.0,989,0,0,0,0,0,0
Female,48,Premium,3,137,Chantal,True,2.6666666666666665,0.6801727377709197,-0.733051871829826,2.0,0.0,0.0,1.0,716,0,0,0,0,0,0
Female,44,Premium,2,161,No one,True,3.0,0.43388373911755823,-0.900968867902419,2.0,0.5,0.5,0.0,534,0,0,1,0,0,1
Male,45,Standard,3,93,No one,True,3.0,0.43388373911755823,-0.900968867902419,0.0,0.0,0.0,0.0,583,0,0,1,1,0,0
Male,28,Premium,2,82,No one,True,3.5,1.2246467991473532e-16,-1.0,2.0,0.0,0.5,0.5,1258,0,0,0,0,0,0
Female,20,Premium,2,69,No one,False,4.5,-0.7818314824680297,-0.6234898018587337,2.0,0.5,0.0,0.5,566,0,0,0,0,0,0
Female,43,Standard,4,161,Mike,False,3.0,0.43388373911755823,-0.900968867902419,1.0,0.0,0.0,1.0,1236,1,0,0,0,1,0
Male,24,Standard,2,162,Chantal,True,4.5,-0.7818314824680297,-0.6234898018587337,3.0,0.3333333333333333,0.3333333333333333,0.0,949,0,0,0,0,0,1
Male,22,Standard,3,71,No one,True,3.6666666666666665,-0.14904226617617403,-0.9888308262251286,0.0,0.0,0.0,0.0,1033,0,0,0,0,0,0
Female,23,Standard,3,162,No one,False,3.3333333333333335,0.14904226617617428,-0.9888308262251285,0.0,0.0,0.0,0.0,516,0,0,0,0,0,0
Male,46,Premium,5,30,Chantal,True,2.6,0.7227948638273916,-0.6910626489868645,2.0,0.0,0.5,0.5,739,0,0,0,0,0,0
Male,17,Premium,2,86,No one,True,2.5,0.7818314824680299,-0.6234898018587335,1.0,0.0,1.0,0.0,640,0,0,0,0,0,0
Female,36,Standard,2,122,Chantal,True,4.0,-0.433883739117558,-0.9009688679024191,2.0,0.5,0.5,0.0,1178,0,0,0,0,1,0
Female,47,Premium,3,107,Chantal,False,2.6666666666666665,0.6801727377709197,-0.733051871829826,0.0,0.0,0.0,0.0,1110,0,0,0,0,0,0
Female,29,Standard,3,68,Chantal,True,2.6666666666666665,0.6801727377709197,-0.733051871829826,0.0,0.0,0.0,0.0,628,0,0,0,0,0,0
Male,30,Standard,3,35,No one,True,4.333333333333333,-0.6801727377709191,-0.7330518718298266,0.0,0.0,0.0,0.0,1042,0,0,1,1,0,0
Female,22,Premium,3,57,Hanna,True,5.0,-0.9749279121818236,-0.2225209339563146,0.0,0.0,0.0,0.0,641,1,1,0,0,0,0
Female,41,Standard,2,147,No one,True,3.5,1.2246467991473532e-16,-1.0,0.0,0.0,0.0,0.0,835,0,0,0,0,0,0
Female,45,Premium,4,48,No one,True,2.5,0.7818314824680299,-0.6234898018587335,0.0,0.0,0.0,0.0,786,0,0,0,0,0,0
Female,22,Premium,1,170,No one,False,6.0,-0.7818314824680299,0.6234898018587334,1.0,1.0,0.0,0.0,498,0,0,0,0,0,0
Male,20,Standard,5,33,Mike,True,3.2,0.26603684556667523,-0.9639628606958532,1.0,1.0,0.0,0.0,784,1,0,0,1,0,0
Male,33,Premium,1,43,No one,False,2.0,0.9749279121818236,-0.22252093395631434,1.0,1.0,0.0,0.0,544,0,0,1,0,0,0
Female,36,Premium,3,165,No one,True,3.6666666666666665,-0.14904226617617403,-0.9888308262251286,0.0,0.0,0.0,0.0,671,0,0,0,0,0,0
Male,30,Premium,5,54,Hanna,True,3.2,0.26603684556667523,-0.9639628606958532,1.0,0.0,1.0,0.0,784,0,0,0,0,0,0
Male,17,Premium,1,177,Mike,True,2.0,0.9749279121818236,-0.22252093395631434,0.0,0.0,0.0,0.0,630,0,0,0,0,0,1
Male,35,Premium,2,93,Chantal,False,0.5,0.4338837391175581,0.9009688679024191,0.0,0.0,0.0,0.0,1026,1,0,0,0,0,0
Male,28,Standard,2,166,No one,True,5.0,-0.9749279121818236,-0.2225209339563146,0.0,0.0,0.0,0.0,1217,0,0,1,0,0,0
Female,27,Standard,5,145,No one,False,2.6,0.7227948638273916,-0.6910626489868645,0.0,0.0,0.0,0.0,597,0,0,0,0,0,0
Male,20,Premium,1,88,Mike,True,6.0,-0.7818314824680299,0.6234898018587334,0.0,0.0,0.0,0.0,933,0,0,0,0,0,0
Female,17,Premium,2,52,Hanna,False,0.5,0.4338837391175581,0.9009688679024191,0.0,0.0,0.0,0.0,954,0,0,0,0,0,0
Male,33,Premium,2,107,Mike,False,3.0,0.43388373911755823,-0.900968867902419,3.0,0.6666666666666666,0.0,0.3333333333333333,976,1,0,0,0,0,0
Female,43,Standard,5,180,No one,False,3.0,0.43388373911755823,-0.900968867902419,1.0,0.0,1.0,0.0,764,0,0,0,0,0,0
Female,36,Standard,2,103,Jeffrey,True,2.5,0.7818314824680299,-0.6234898018587335,3.0,0.3333333333333333,0.0,0.3333333333333333,1099,0,0,0,0,0,0
Male,45,Standard,2,163,Mike,True,2.5,0.7818314824680299,-0.6234898018587335,0.0,0.0,0.0,0.0,755,1,0,0,0,0,0
Male,42,Standard,3,125,No one,False,3.6666666666666665,-0.14904226617617403,-0.9888308262251286,2.0,0.5,0.5,0.0,1135,0,0,0,0,0,0
Male,29,Premium,1,84,No one,False,0.0,0.0,1.0,0.0,0.0,0.0,0.0,513,0,0,0,1,0,0
Male,18,Standard,3,49,No one,False,3.3333333333333335,0.14904226617617428,-0.9888308262251285,2.0,0.5,0.0,0.5,555,0,1,0,0,0,1
Female,32,Premium,2,173,No one,False,5.5,-0.9749279121818238,0.22252093395631334,1.0,1.0,0.0,0.0,1147,0,0,0,0,0,0
Female,27,Standard,3,66,Chantal,False,2.3333333333333335,0.8660254037844386,-0.5000000000000002,3.0,0.0,0.6666666666666666,0.3333333333333333,1229,0,0,0,0,0,0
Male,47,Premium,3,106,Chantal,True,3.3333333333333335,0.14904226617617428,-0.9888308262251285,3.0,0.3333333333333333,0.6666666666666666,0.0,771,0,0,0,0,0,0
Female,16,Premium,2,94,No one,True,5.5,-0.9749279121818238,0.22252093395631334,0.0,0.0,0.0,0.0,689,0,0,1,0,0,1
Female,39,Standard,4,53,No one,True,2.75,0.6234898018587339,-0.7818314824680295,1.0,0.0,0.0,1.0,634,0,0,0,0,0,0
Female,46,Standard,1,126,No one,True,5.0,-0.9749279121818236,-0.2225209339563146,0.0,0.0,0.0,0.0,673,1,1,0,0,0,0
Female,21,Premium,3,77,No one,False,3.6666666666666665,-0.14904226617617403,-0.9888308262251286,0.0,0.0,0.0,0.0,784,1,0,0,0,0,0
Male,31,Standard,1,48,Chantal,False,6.0,-0.7818314824680299,0.6234898018587334,1.0,1.0,0.0,0.0,877,0,0,0,0,0,0
Female,40,Standard,4,48,No one,True,3.25,0.2225209339563141,-0.9749279121818237,3.0,0.3333333333333333,0.3333333333333333,0.3333333333333333,595,0,0,0,0,0,0
Female,41,Standard,2,123,Chantal,True,1.5,0.9749279121818236,0.22252093395631445,3.0,0.6666666666666666,0.3333333333333333,0.0,1003,0,0,0,1,0,0
Female,12,Standard,3,160,No one,True,3.0,0.43388373911755823,-0.900968867902419,1.0,0.0,0.0,1.0,610,1,0,0,0,0,0
Male,40,Standard,1,177,No one,True,5.0,-0.9749279121818236,-0.2225209339563146,0.0,0.0,0.0,0.0,628,0,0,0,0,0,0
Male,29,Premium,3,172,No one,False,4.0,-0.433883739117558,-0.9009688679024191,0.0,0.0,0.0,0.0,856,0,0,0,0,0,0
Male,19,Premium,2,117,Jeffrey,False,3.0,0.43388373911755823,-0.900968867902419,0.0,0.0,0.0,0.0,1017,0,0,0,1,0,0
Female,34,Premium,2,145,Hanna,True,2.0,0.9749279121818236,-0.22252093395631434,0.0,0.0,0.0,0.0,575,0,0,0,0,0,0
Female,21,Premium,3,86,No one,True,2.3333333333333335,0.8660254037844386,-0.5000000000000002,0.0,0.0,0.0,0.0,514,0,0,0,0,0,0
Male,44,Standard,3,79,Jeffrey,True,4.333333333333333,-0.6801727377709191,-0.7330518718298266,1.0,1.0,0.0,0.0,611,0,0,0,0,0,1
Female,24,Standard,3,140,Mike,False,3.3333333333333335,0.14904226617617428,-0.9888308262251285,1.0,0.0,1.0,0.0,1062,0,0,0,0,0,0
Male,33,Standard,5,49,Chantal,False,4.0,-0.433883739117558,-0.9009688679024191,2.0,0.0,0.0,1.0,629,0,1,0,0,0,0
Female,47,Premium,2,91,Mike,True,3.0,0.43388373911755823,-0.900968867902419,0.0,0.0,0.0,0.0,799,0,0,0,1,0,0
Female,38,Premium,1,42,Mike,True,0.0,0.0,1.0,2.0,0.5,0.5,0.0,591,1,0,1,0,0,0
Male,12,Premium,3,91,No one,False,4.333333333333333,-0.6801727377709191,-0.7330518718298266,2.0,0.0,0.0,0.5,1197,0,0,0,0,1,1
Female,21,Standard,2,95,No one,False,2.0,0.9749279121818236,-0.22252093395631434,0.0,0.0,0.0,0.0,1213,0,0,0,1,0,0
Female,22,Standard,3,54,Chantal,False,4.666666666666667,-0.8660254037844388,-0.4999999999999996,3.0,0.3333333333333333,0.3333333333333333,0.3333333333333333,1192,0,0,0,0,0,0
Female,33,Premium,1,87,No one,False,3.0,0.43388373911755823,-0.900968867902419,0.0,0.0,0.0,0.0,842,0,0,0,0,0,0
Female,20,Premium,2,169,No one,True,3.0,0.43388373911755823,-0.900968867902419,1.0,0.0,0.0,1.0,1072,0,0,0,0,0,0
Female,30,Standard,3,40,No one,False,4.333333333333333,-0.6801727377709191,-0.7330518718298266,2.0,0.5,0.0,0.0,1063,0,0,0,0,0,0
Male,15,Standard,3,156,No one,False,4.0,-0.433883739117558,-0.9009688679024191,3.0,0.3333333333333333,0.0,0.6666666666666666,993,0,0,0,0,0,0
Female,47,Premium,1,104,Chantal,False,6.0,-0.7818314824680299,0.6234898018587334,0.0,0.0,0.0,0.0,983,0,0,0,0,0,0
Female,30,Premium,3,142,Jeffrey,True,3.3333333333333335,0.14904226617617428,-0.9888308262251285,0.0,0.0,0.0,0.0,831,0,0,0,0,0,0
Female,14,Premium,3,35,Jeffrey,False,4.0,-0.433883739117558,-0.9009688679024191,0.0,0.0,0.0,0.0,876,0,0,0,0,0,0
Male,33,Premium,4,178,No one,True,2.5,0.7818314824680299,-0.6234898018587335,0.0,0.0,0.0,0.0,1148,0,0,0,0,1,0
Male,49,Standard,1,42,No one,False,1.0,0.7818314824680298,0.6234898018587336,1.0,0.0,0.0,1.0,1082,1,1,0,0,0,0
Male,40,Standard,5,56,No one,False,3.4,0.08963930890343362,-0.9959742939952391,0.0,0.0,0.0,0.0,503,0,0,0,0,0,0
Male,46,Premium,3,67,Jeffrey,False,2.6666666666666665,0.6801727377709197,-0.733051871829826,2.0,0.5,0.5,0.0,810,0,0,0,0,0,0
Female,40,Standard,3,143,Chantal,True,2.3333333333333335,0.8660254037844386,-0.5000000000000002,0.0,0.0,0.0,0.0,895,0,0,1,0,0,0
Female,22,Premium,2,93,No one,False,4.5,-0.7818314824680297,-0.6234898018587337,3.0,0.0,0.3333333333333333,0.6666666666666666,1159,0,1,0,0,0,1
Female,43,Premium,1,108,No one,True,4.0,-0.433883739117558,-0.9009688679024191,1.0,0.0,1.0,0.0,1209,0,0,0,0,0,0
Female,33,Standard,3,151,No one,False,2.6666666666666665,0.6801727377709197,-0.733051871829826,0.0,0.0,0.0,0.0,586,0,0,0,0,0,0
Female,14,Premium,3,73,Hanna,False,3.6666666666666665,-0.14904226617617403,-0.9888308262251286,0.0,0.0,0.0,0.0,880,0,0,0,0,0,0
Male,14,Standard,3,145,Jeffrey,False,4.0,-0.433883739117558,-0.9009688679024191,0.0,0.0,0.0,0.0,849,0,0,0,0,0,0
Male,14,Standard,3,95,Chantal,True,2.6666666666666665,0.6801727377709197,-0.733051871829826,0.0,0.0,0.0,0.0,520,0,0,0,0,0,0
Female,19,Standard,3,84,Hanna,True,2.6666666666666665,0.6801727377709197,-0.733051871829826,0.0,0.0,0.0,0.0,658,0,0,0,0,0,0
Female,32,Premium,3,85,No one,False,4.333333333333333,-0.6801727377709191,-0.7330518718298266,0.0,0.0,0.0,0.0,863,0,0,1,0,1,0
Male,47,Premium,1,50,Hanna,True,6.0,-0.7818314824680299,0.6234898018587334,2.0,0.5,0.0,0.5,744,0,0,0,0,0,0
Male,43,Premium,2,172,Chantal,False,3.0,0.43388373911755823,-0.900968867902419,0.0,0.0,0.0,0.0,1180,0,0,0,0,0,0
Male,34,Standard,3,83,Hanna,False,2.6666666666666665,0.6801727377709197,-0.733051871829826,0.0,0.0,0.0,0.0,941,0,1,1,0,0,0
Male,21,Premium,1,160,Hanna,True,2.0,0.9749279121818236,-0.22252093395631434,0.0,0.0,0.0,0.0,1091,0,0,0,0,1,0
Male,27,Premium,2,119,No one,True,2.5,0.7818314824680299,-0.6234898018587335,1.0,1.0,0.0,0.0,695,0,0,0,0,1,0
Female,31,Premium,5,95,Mike,True,2.8,0.5877852522924732,-0.8090169943749473,2.0,0.5,0.5,0.0,571,0,0,0,0,0,0
Female,21,Standard,2,100,Mike,False,4.5,-0.7818314824680297,-0.6234898018587337,0.0,0.0,0.0,0.0,785,0,0,1,0,0,0
Female,15,Standard,2,174,No one,False,0.5,0.4338837391175581,0.9009688679024191,0.0,0.0,0.0,0.0,1011,0,0,0,1,0,0
Female,20,Premium,3,37,No one,True,4.666666666666667,-0.8660254037844388,-0.4999999999999996,0.0,0.0,0.0,0.0,632,0,0,0,0,0,0
Male,36,Standard,1,109,No one,True,1.0,0.7818314824680298,0.6234898018587336,0.0,0.0,0.0,0.0,1255,0,1,0,0,0,0
Female,31,Standard,5,42,No one,False,3.2,0.26603684556667523,-0.9639628606958532,0.0,0.0,0.0,0.0,1168,0,0,0,0,0,0
Female,14,Standard,2,144,No one,True,1.0,0.7818314824680298,0.6234898018587336,3.0,0.6666666666666666,0.3333333333333333,0.0,633,0,1,0,0,1,0
Male,40,Premium,3,65,Mike,False,1.3333333333333333,0.9308737486442041,0.3653410243663952,2.0,0.5,0.0,0.0,1199,0,0,0,0,0,0
Female,22,Standard,5,93,No one,True,3.6,-0.08963930890343337,-0.9959742939952391,3.0,0.3333333333333333,0.6666666666666666,0.0,493,0,0,0,0,0,0
Female,16,Premium,3,85,Chantal,False,4.0,-0.433883739117558,-0.9009688679024191,0.0,0.0,0.0,0.0,1041,0,0,0,0,0,0
Male,49,Premium,3,54,Jeffrey,True,3.0,0.43388373911755823,-0.900968867902419,3.0,0.3333333333333333,0.3333333333333333,0.0,1230,0,0,1,0,0,0
Female,14,Premium,3,105,No one,True,4.333333333333333,-0.6801727377709191,-0.7330518718298266,0.0,0.0,0.0,0.0,611,0,1,1,0,0,0
Female,14,Standard,5,67,Mike,True,3.8,-0.26603684556667495,-0.9639628606958534,3.0,0.0,0.3333333333333333,0.3333333333333333,1223,0,0,1,0,0,1
Male,36,Standard,3,88,No one,False,3.3333333333333335,0.14904226617617428,-0.9888308262251285,3.0,0.3333333333333333,0.0,0.6666666666666666,1099,0,0,0,0,0,0
Male,36,Premium,2,131,Mike,False,2.5,0.7818314824680299,-0.6234898018587335,3.0,0.3333333333333333,0.6666666666666666,0.0,548,1,0,0,0,1,0
Male,26,Standard,2,131,No one,False,4.0,-0.433883739117558,-0.9009688679024191,0.0,0.0,0.0,0.0,1077,0,0,0,0,0,0
Male,19,Premium,1,70,Mike,True,5.0,-0.9749279121818236,-0.2225209339563146,0.0,0.0,0.0,0.0,970,0,0,0,0,0,0
Male,29,Premium,2,110,No one,True,2.0,0.9749279121818236,-0.22252093395631434,2.0,0.5,0.0,0.5,1215,0,0,0,0,0,0
Male,27,Premium,2,73,Hanna,True,2.5,0.7818314824680299,-0.6234898018587335,0.0,0.0,0.0,0.0,1244,0,0,0,0,0,0
Male,47,Premium,2,81,Chantal,True,2.5,0.7818314824680299,-0.6234898018587335,2.0,0.5,0.5,0.0,1001,0,0,1,0,1,0
Male,39,Standard,2,130,Mike,False,1.5,0.9749279121818236,0.22252093395631445,2.0,0.0,1.0,0.0,678,0,1,0,0,0,1
Male,47,Standard,1,40,Hanna,False,4.0,-0.433883739117558,-0.9009688679024191,0.0,0.0,0.0,0.0,881,0,0,0,0,1,0
Female,20,Premium,2,43,Chantal,True,4.5,-0.7818314824680297,-0.6234898018587337,0.0,0.0,0.0,0.0,1134,0,0,1,0,0,0
Female,20,Standard,4,150,Jeffrey,False,2.5,0.7818314824680299,-0.6234898018587335,0.0,0.0,0.0,0.0,711,0,0,1,0,0,0
Male,22,Standard,2,151,Mike,True,4.5,-0.7818314824680297,-0.6234898018587337,0.0,0.0,0.0,0.0,852,0,0,0,0,1,0
Female,22,Standard,3,109,Hanna,False,4.333333333333333,-0.6801727377709191,-0.7330518718298266,2.0,0.5,0.5,0.0,1077,0,0,0,0,0,0
Female,24,Premium,3,47,Hanna,True,1.6666666666666667,0.9972037971811801,0.07473009358642417,3.0,0.3333333333333333,0.3333333333333333,0.3333333333333333,917,0,0,0,0,0,0
Female,17,Standard,3,77,Chantal,False,3.0,0.43388373911755823,-0.900968867902419,1.0,0.0,1.0,0.0,941,1,1,0,0,0,0
Male,29,Standard,1,93,No one,True,6.0,-0.7818314824680299,0.6234898018587334,0.0,0.0,0.0,0.0,1020,0,1,0,0,0,0
Male,36,Premium,3,169,Jeffrey,True,3.3333333333333335,0.14904226617617428,-0.9888308262251285,0.0,0.0,0.0,0.0,522,1,0,0,0,0,0
Male,20,Standard,5,161,No one,False,2.2,0.9195277725514506,-0.3930250316539238,0.0,0.0,0.0,0.0,1061,0,0,0,0,0,0
Male,29,Standard,2,176,Chantal,True,4.5,-0.7818314824680297,-0.6234898018587337,1.0,1.0,0.0,0.0,885,0,0,0,0,0,0
Male,32,Premium,3,66,Chantal,True,2.6666666666666665,0.6801727377709197,-0.733051871829826,0.0,0.0,0.0,0.0,1234,0,0,0,0,0,0
Female,42,Premium,4,64,No one,True,2.0,0.9749279121818236,-0.22252093395631434,1.0,1.0,0.0,0.0,595,0,0,0,0,0,0
Male,14,Standard,3,109,No one,True,3.0,0.43388373911755823,-0.900968867902419,3.0,0.3333333333333333,0.3333333333333333,0.3333333333333333,747,0,0,0,0,0,0
Female,35,Premium,3,167,No one,False,2.6666666666666665,0.6801727377709197,-0.733051871829826,3.0,0.3333333333333333,0.6666666666666666,0.0,812,0,0,0,0,0,0
Male,43,Standard,3,56,Mike,False,3.6666666666666665,-0.14904226617617403,-0.9888308262251286,0.0,0.0,0.0,0.0,732,0,1,1,0,0,0
Female,37,Standard,1,146,Hanna,False,6.0,-0.7818314824680299,0.6234898018587334,0.0,0.0,0.0,0.0,999,0,1,0,0,0,0
Female,49,Standard,5,35,No one,False,3.4,0.08963930890343362,-0.9959742939952391,1.0,0.0,0.0,1.0,495,0,0,0,0,0,0
Male,47,Standard,2,138,No one,True,4.5,-0.7818314824680297,-0.6234898018587337,0.0,0.0,0.0,0.0,1015,0,0,0,0,0,1
Male,49,Premium,1,85,No one,True,5.0,-0.9749279121818236,-0.2225209339563146,0.0,0.0,0.0,0.0,681,0,0,0,0,0,0
Male,19,Standard,2,115,No one,False,0.5,0.4338837391175581,0.9009688679024191,1.0,0.0,0.0,1.0,841,0,0,0,0,0,0
Male,48,Standard,4,37,No one,False,2.5,0.7818314824680299,-0.6234898018587335,0.0,0.0,0.0,0.0,574,0,0,0,0,0,0
Female,23,Premium,3,84,Chantal,False,3.0,0.43388373911755823,-0.900968867902419,0.0,0.0,0.0,0.0,596,1,0,0,1,0,0
Male,23,Premium,4,42,Chantal,False,2.25,0.9009688679024191,-0.43388373911755806,0.0,0.0,0.0,0.0,662,0,0,0,0,0,0
Female,13,Standard,2,105,No one,False,0.5,0.4338837391175581,0.9009688679024191,0.0,0.0,0.0,0.0,1047,0,0,0,0,0,0
Male,48,Premium,3,100,Jeffrey,True,4.0,-0.433883739117558,-0.9009688679024191,3.0,0.3333333333333333,0.3333333333333333,0.0,513,0,0,1,0,0,0
Male,27,Premium,5,168,No one,True,3.0,0.43388373911755823,-0.900968867902419,2.0,0.0,1.0,0.0,650,0,1,0,0,0,1
Female,14,Standard,3,176,Chantal,True,2.6666666666666665,0.6801727377709197,-0.733051871829826,1.0,0.0,1.0,0.0,541,0,0,0,0,0,0
Male,14,Premium,1,83,No one,True,4.0,-0.433883739117558,-0.9009688679024191,0.0,0.0,0.0,0.0,786,0,0,0,0,0,0
Male,17,Standard,1,126,Hanna,False,0.0,0.0,1.0,0.0,0.0,0.0,0.0,1078,0,0,0,0,0,0
Male,39,Standard,2,32,No one,False,0.5,0.4338837391175581,0.9009688679024191,2.0,0.5,0.5,0.0,560,1,0,0,0,0,0
Female,49,Standard,3,78,Mike,True,4.0,-0.433883739117558,-0.9009688679024191,0.0,0.0,0.0,0.0,1062,0,0,1,0,0,0
Male,12,Standard,5,146,Mike,False,4.0,-0.433883739117558,-0.9009688679024191,3.0,0.0,0.6666666666666666,0.3333333333333333,1189,0,1,0,0,1,0
Female,37,Premium,1,34,No one,False,5.0,-0.9749279121818236,-0.2225209339563146,1.0,0.0,0.0,1.0,501,0,1,0,1,0,0
Male,36,Premium,2,166,No one,True,2.5,0.7818314824680299,-0.6234898018587335,2.0,0.5,0.5,0.0,688,0,0,0,0,0,0
Male,13,Standard,4,34,No one,False,3.75,-0.22252093395631384,-0.9749279121818237,0.0,0.0,0.0,0.0,887,0,0,0,0,0,0
Male,31,Premium,2,174,No one,False,1.0,0.7818314824680298,0.6234898018587336,0.0,0.0,0.0,0.0,828,0,0,0,0,0,0
Female,39,Standard,4,48,No one,True,3.5,1.2246467991473532e-16,-1.0,0.0,0.0,0.0,0.0,1027,0,0,0,0,0,0
Female,12,Premium,3,73,No one,True,3.3333333333333335,0.14904226617617428,-0.9888308262251285,3.0,0.3333333333333333,0.6666666666666666,0.0,837,0,0,0,0,0,0
Female,23,Premium,1,175,No one,False,1.0,0.7818314824680298,0.6234898018587336,0.0,0.0,0.0,0.0,1014,1,0,1,0,0,0
Male,45,Premium,2,138,No one,True,1.0,0.7818314824680298,0.6234898018587336,0.0,0.0,0.0,0.0,683,0,0,0,1,0,1
Male,39,Premium,5,67,Jeffrey,False,2.8,0.5877852522924732,-0.8090169943749473,0.0,0.0,0.0,0.0,1201,0,1,0,0,0,0
Male,14,Standard,2,133,Mike,False,0.5,0.4338837391175581,0.9009688679024191,0.0,0.0,0.0,0.0,833,0,0,0,1,0,1
Male,30,Premium,3,163,Jeffrey,True,4.0,-0.433883739117558,-0.9009688679024191,2.0,0.0,0.5,0.5,780,0,0,0,1,0,0
Female,15,Premium,3,72,Jeffrey,True,1.3333333333333333,0.9308737486442041,0.3653410243663952,0.0,0.0,0.0,0.0,595,0,0,0,1,0,0
Male,12,Standard,1,41,Jeffrey,True,1.0,0.7818314824680298,0.6234898018587336,0.0,0.0,0.0,0.0,947,0,0,1,0,1,0
Male,46,Standard,4,136,Mike,False,2.75,0.6234898018587339,-0.7818314824680295,3.0,0.3333333333333333,0.6666666666666666,0.0,811,0,0,0,1,0,1
Male,49,Premium,4,31,No one,False,2.0,0.9749279121818236,-0.22252093395631434,0.0,0.0,0.0,0.0,501,0,0,0,0,0,1
Female,43,Premium,2,142,Chantal,True,3.0,0.43388373911755823,-0.900968867902419,0.0,0.0,0.0,0.0,1112,0,0,1,1,0,0
Male,19,Premium,2,133,Jeffrey,False,2.5,0.7818314824680299,-0.6234898018587335,1.0,0.0,0.0,0.0,1033,0,0,0,0,1,0
Male,42,Premium,3,173,Chantal,False,4.0,-0.433883739117558,-0.9009688679024191,0.0,0.0,0.0,0.0,597,0,1,0,0,0,0
Male,46,Standard,1,163,No one,False,6.0,-0.7818314824680299,0.6234898018587334,1.0,1.0,0.0,0.0,1086,1,0,0,0,0,1
Male,18,Standard,3,133,Chantal,False,2.3333333333333335,0.8660254037844386,-0.5000000000000002,2.0,0.5,0.5,0.0,707,0,0,0,0,0,0
Male,41,Premium,1,102,Jeffrey,True,3.0,0.43388373911755823,-0.900968867902419,2.0,1.0,0.0,0.0,688,0,1,0,1,0,0
Male,19,Premium,4,59,Hanna,False,1.75,1.0,6.123233995736766e-17,0.0,0.0,0.0,0.0,1147,0,0,0,1,0,0
Male,17,Premium,2,36,Chantal,False,5.0,-0.9749279121818236,-0.2225209339563146,0.0,0.0,0.0,0.0,1064,0,1,0,0,0,0
Female,27,Standard,2,146,Chantal,True,0.5,0.4338837391175581,0.9009688679024191,1.0,0.0,0.0,1.0,550,0,0,0,0,0,0
Male,25,Premium,3,56,No one,True,4.0,-0.433883739117558,-0.9009688679024191,0.0,0.0,0.0,0.0,1041,0,0,0,0,0,0
Male,23,Premium,2,168,No one,False,3.0,0.43388373911755823,-0.900968867902419,2.0,0.5,0.5,0.0,778,0,0,0,0,0,0
Female,35,Standard,1,53,Chantal,False,2.0,0.9749279121818236,-0.22252093395631434,0.0,0.0,0.0,0.0,514,0,0,0,0,0,0
Female,38,Standard,3,141,No one,True,3.0,0.43388373911755823,-0.900968867902419,1.0,0.0,0.0,1.0,497,0,0,0,0,0,0
Male,49,Premium,3,38,Mike,False,2.0,0.9749279121818236,-0.22252093395631434,0.0,0.0,0.0,0.0,757,0,1,0,0,0,0
Male,34,Standard,1,39,Jeffrey,True,6.0,-0.7818314824680299,0.6234898018587334,0.0,0.0,0.0,0.0,762,0,0,0,1,0,0
Female,46,Premium,3,35,No one,False,3.6666666666666665,-0.14904226617617403,-0.9888308262251286,1.0,0.0,1.0,0.0,1081,0,0,1,1,0,0
Male,45,Standard,5,120,No one,True,2.6,0.7227948638273916,-0.6910626489868645,3.0,0.3333333333333333,0.3333333333333333,0.3333333333333333,899,0,0,0,0,0,0
Male,36,Premium,5,78,Mike,False,2.8,0.5877852522924732,-0.8090169943749473,0.0,0.0,0.0,0.0,1257,0,1,0,0,0,0
Male,45,Premium,2,154,Chantal,True,3.5,1.2246467991473532e-16,-1.0,0.0,0.0,0.0,0.0,733,0,0,1,0,0,0
Male,49,Premium,3,153,Mike,False,4.333333333333333,-0.6801727377709191,-0.7330518718298266,3.0,0.3333333333333333,0.3333333333333333,0.3333333333333333,1201,0,0,0,0,0,0
Male,19,Standard,5,89,No one,False,2.8,0.5877852522924732,-0.8090169943749473,0.0,0.0,0.0,0.0,1223,0,0,0,1,0,0
Female,24,Standard,2,108,No one,False,2.0,0.9749279121818236,-0.22252093395631434,0.0,0.0,0.0,0.0,1241,0,0,0,0,0,0
Male,24,Standard,3,156,No one,False,3.3333333333333335,0.14904226617617428,-0.9888308262251285,0.0,0.0,0.0,0.0,1208,0,0,0,0,1,0
Male,31,Standard,1,162,No one,False,3.0,0.43388373911755823,-0.900968867902419,0.0,0.0,0.0,0.0,901,0,0,0,0,0,0
Female,48,Premium,3,71,Jeffrey,True,2.0,0.9749279121818236,-0.22252093395631434,2.0,0.0,1.0,0.0,1237,0,0,0,0,0,0
Male,17,Premium,1,170,Chantal,False,0.0,0.0,1.0,2.0,1.0,0.0,0.0,1145,1,0,0,0,1,0
Male,31,Premium,5,56,No one,False,3.4,0.08963930890343362,-0.9959742939952391,0.0,0.0,0.0,0.0,1239,0,0,0,0,0,0
Male,22,Standard,3,128,No one,False,4.0,-0.433883739117558,-0.9009688679024191,1.0,0.0,0.0,1.0,991,0,0,0,0,0,0
Male,37,Premium,3,141,No one,True,5.0,-0.9749279121818236,-0.2225209339563146,0.0,0.0,0.0,0.0,1073,0,0,0,0,0,0
Male,39,Standard,5,119,Mike,False,2.8,0.5877852522924732,-0.8090169943749473,2.0,0.0,0.5,0.5,916,0,1,0,0,0,0
Female,14,Standard,3,135,No one,True,4.0,-0.433883739117558,-0.9009688679024191,0.0,0.0,0.0,0.0,514,0,0,0,0,0,0
Female,19,Standard,1,79,No one,True,6.0,-0.7818314824680299,0.6234898018587334,0.0,0.0,0.0,0.0,1226,0,0,0,0,0,0
Female,27,Standard,4,156,Hanna,False,3.0,0.43388373911755823,-0.900968867902419,0.0,0.0,0.0,0.0,709,0,1,0,0,0,1
Female,35,Standard,5,178,No one,False,3.0,0.43388373911755823,-0.900968867902419,1.0,0.0,1.0,0.0,945,0,0,0,0,0,0
Female,19,Premium,2,91,Jeffrey,True,1.5,0.9749279121818236,0.22252093395631445,1.0,1.0,0.0,0.0,632,0,0,0,1,0,0
Female,21,Premium,5,179,No one,True,3.6,-0.08963930890343337,-0.9959742939952391,3.0,0.0,0.3333333333333333,0.6666666666666666,1215,0,0,1,1,0,0
Male,20,Standard,3,107,Jeffrey,True,2.3333333333333335,0.8660254037844386,-0.5000000000000002,3.0,0.3333333333333333,0.0,0.6666666666666666,1050,0,0,0,0,0,0
Male,19,Premium,4,81,No one,False,3.5,1.2246467991473532e-16,-1.0,2.0,0.5,0.5,0.0,949,0,0,1,0,0,0
Female,42,Premium,2,151,Hanna,False,1.0,0.7818314824680298,0.6234898018587336,0.0,0.0,0.0,0.0,663,0,0,1,0,0,0
Male,18,Premium,1,32,Mike,True,2.0,0.9749279121818236,-0.22252093395631434,0.0,0.0,0.0,0.0,1058,0,0,0,0,0,0
Female,49,Premium,1,37,Mike,False,6.0,-0.7818314824680299,0.6234898018587334,0.0,0.0,0.0,0.0,838,1,0,0,0,0,0
Female,17,Premium,5,39,Hanna,True,3.4,0.08963930890343362,-0.9959742939952391,1.0,0.0,0.0,1.0,830,0,1,0,0,0,0
Male,27,Standard,1,161,Jeffrey,False,0.0,0.0,1.0,3.0,0.3333333333333333,0.6666666666666666,0.0,731,0,0,0,0,0,0
Female,24,Premium,4,125,No one,False,3.0,0.43388373911755823,-0.900968867902419,0.0,0.0,0.0,0.0,552,0,0,0,0,0,0
Male,37,Standard,4,132,No one,True,3.5,1.2246467991473532e-16,-1.0,3.0,0.3333333333333333,0.0,0.6666666666666666,1124,0,0,0,1,0,0
Female,24,Premium,1,138,Mike,True,6.0,-0.7818314824680299,0.6234898018587334,0.0,0.0,0.0,0.0,899,0,0,0,0,0,0
Female,28,Premium,5,116,No one,False,3.4,0.08963930890343362,-0.9959742939952391,2.0,1.0,0.0,0.0,1080,0,0,0,0,0,0
Male,18,Standard,3,169,No one,False,3.3333333333333335,0.14904226617617428,-0.9888308262251285,0.0,0.0,0.0,0.0,806,0,0,0,0,0,0
Male,18,Standard,2,78,No one,False,3.5,1.2246467991473532e-16,-1.0,3.0,0.0,0.3333333333333333,0.6666666666666666,485,0,0,0,0,0,1
Female,32,Premium,5,168,No one,False,2.0,0.9749279121818236,-0.22252093395631434,2.0,0.5,0.0,0.5,617,1,0,0,0,0,0
Male,40,Premium,2,67,Jeffrey,False,2.5,0.7818314824680299,-0.6234898018587335,2.0,0.5,0.0,0.5,873,0,1,0,0,0,0
Male,20,Standard,4,67,No one,True,3.0,0.43388373911755823,-0.900968867902419,0.0,0.0,0.0,0.0,1032,0,0,0,0,0,0
Male,21,Premium,1,30,Mike,True,6.0,-0.7818314824680299,0.6234898018587334,3.0,0.0,0.3333333333333333,0.3333333333333333,874,0,0,0,1,0,0
Female,38,Premium,1,62,Mike,False,5.0,-0.9749279121818236,-0.2225209339563146,1.0,0.0,0.0,1.0,1057,0,0,0,0,0,0
Male,45,Standard,2,117,No one,False,1.0,0.7818314824680298,0.6234898018587336,3.0,0.3333333333333333,0.6666666666666666,0.0,492,0,0,0,1,0,1
Male,22,Standard,2,44,No one,True,4.0,-0.433883739117558,-0.9009688679024191,0.0,0.0,0.0,0.0,1189,0,0,1,0,0,1
Female,17,Premium,5,135,Chantal,False,3.2,0.26603684556667523,-0.9639628606958532,0.0,0.0,0.0,0.0,602,0,1,0,0,0,0
Female,32,Standard,5,144,No one,False,3.0,0.43388373911755823,-0.900968867902419,0.0,0.0,0.0,0.0,500,0,0,0,1,0,0
Male,44,Standard,2,126,No one,True,2.0,0.9749279121818236,-0.22252093395631434,0.0,0.0,0.0,0.0,721,0,0,0,0,0,0
Female,47,Premium,2,59,Chantal,True,2.5,0.7818314824680299,-0.6234898018587335,2.0,0.0,0.0,1.0,519,0,0,0,0,0,1
Female,43,Standard,1,51,Jeffrey,True,3.0,0.43388373911755823,-0.900968867902419,0.0,0.0,0.0,0.0,497,0,0,0,0,0,0
Male,48,Standard,5,173,Hanna,True,3.6,-0.08963930890343337,-0.9959742939952391,0.0,0.0,0.0,0.0,942,0,0,0,0,0,0
Female,32,Standard,5,85,Mike,True,3.2,0.26603684556667523,-0.9639628606958532,0.0,0.0,0.0,0.0,1192,0,0,0,0,0,1
Female,37,Standard,3,114,No one,True,1.0,0.7818314824680298,0.6234898018587336,2.0,0.5,0.0,0.5,1087,0,0,0,0,0,0
Female,36,Standard,5,67,No one,True,3.2,0.26603684556667523,-0.9639628606958532,0.0,0.0,0.0,0.0,693,0,0,0,1,0,0
Male,22,Premium,4,149,Mike,False,3.0,0.43388373911755823,-0.900968867902419,0.0,0.0,0.0,0.0,1088,0,0,0,0,0,0
Male,37,Premium,2,42,No one,False,3.5,1.2246467991473532e-16,-1.0,0.0,0.0,0.0,0.0,599,0,0,0,0,0,0
Male,39,Standard,3,136,Mike,True,3.3333333333333335,0.14904226617617428,-0.9888308262251285,3.0,0.3333333333333333,0.3333333333333333,0.3333333333333333,919,0,0,0,0,0,0
Male,47,Standard,3,54,Hanna,False,3.3333333333333335,0.14904226617617428,-0.9888308262251285,0.0,0.0,0.0,0.0,608,0,0,0,0,0,0
Male,49,Premium,2,66,Chantal,True,2.5,0.7818314824680299,-0.6234898018587335,1.0,0.0,0.0,1.0,800,0,0,0,0,0,0
Male,27,Standard,2,97,Chantal,True,4.5,-0.7818314824680297,-0.6234898018587337,0.0,0.0,0.0,0.0,683,0,0,0,0,0,0
Female,44,Standard,2,154,No one,False,5.0,-0.9749279121818236,-0.2225209339563146,3.0,0.6666666666666666,0.0,0.3333333333333333,1170,0,0,0,0,0,0
Male,13,Standard,2,33,No one,True,2.5,0.7818314824680299,-0.6234898018587335,0.0,0.0,0.0,0.0,578,0,0,0,0,0,0
Male,14,Standard,2,177,No one,True,2.0,0.9749279121818236,-0.22252093395631434,1.0,0.0,0.0,0.0,681,0,0,0,0,0,0
Female,25,Standard,2,114,Hanna,False,2.5,0.7818314824680299,-0.6234898018587335,0.0,0.0,0.0,0.0,638,0,0,0,1,0,0
Male,32,Premium,2,93,Mike,True,5.0,-0.9749279121818236,-0.2225209339563146,1.0,0.0,0.0,1.0,799,0,1,0,0,0,1
Female,29,Standard,4,69,Hanna,False,3.0,0.43388373911755823,-0.900968867902419,0.0,0.0,0.0,0.0,643,0,1,0,0,0,0
Male,41,Standard,2,128,Chantal,True,3.5,1.2246467991473532e-16,-1.0,2.0,0.0,0.0,1.0,629,0,0,0,1,1,0
Male,21,Premium,2,67,Chantal,True,2.0,0.9749279121818236,-0.22252093395631434,3.0,0.0,0.6666666666666666,0.3333333333333333,940,0,0,0,0,0,0
Male,25,Standard,5,75,No one,True,3.2,0.26603684556667523,-0.9639628606958532,2.0,0.5,0.5,0.0,745,0,0,0,0,0,1
Female,21,Premium,2,33,Mike,False,4.5,-0.7818314824680297,-0.6234898018587337,1.0,0.0,0.0,0.0,895,1,0,0,0,0,0
Female,13,Standard,2,71,No one,False,2.5,0.7818314824680299,-0.6234898018587335,0.0,0.0,0.0,0.0,772,0,0,0,0,0,0
Male,48,Premium,4,35,No one,False,2.75,0.6234898018587339,-0.7818314824680295,0.0,0.0,0.0,0.0,813,0,1,0,0,0,0
Male,20,Premium,5,96,Mike,False,3.2,0.26603684556667523,-0.9639628606958532,0.0,0.0,0.0,0.0,1216,0,0,0,1,0,1
Male,37,Premium,2,60,No one,True,3.5,1.2246467991473532e-16,-1.0,2.0,0.0,0.5,0.5,1179,0,0,0,0,0,0
Male,42,Premium,5,165,No one,True,2.6,0.7227948638273916,-0.6910626489868645,0.0,0.0,0.0,0.0,1050,0,0,0,1,0,0
Female,20,Premium,3,138,Mike,True,2.0,0.9749279121818236,-0.22252093395631434,2.0,0.5,0.5,0.0,533,0,0,0,0,0,0
Female,26,Standard,2,133,No one,False,3.5,1.2246467991473532e-16,-1.0,2.0,0.0,1.0,0.0,952,0,0,0,0,0,0
Female,42,Premium,5,174,No one,True,4.0,-0.433883739117558,-0.9009688679024191,0.0,0.0,0.0,0.0,589,1,0,0,0,0,0
Male,17,Standard,1,102,No one,False,4.0,-0.433883739117558,-0.9009688679024191,0.0,0.0,0.0,0.0,1019,0,0,1,0,0,1
Female,26,Premium,1,76,Hanna,True,3.0,0.43388373911755823,-0.900968867902419,2.0,0.0,0.5,0.5,991,0,1,1,0,0,0
Female,41,Premium,1,140,No one,False,2.0,0.9749279121818236,-0.22252093395631434,1.0,0.0,0.0,1.0,794,0,0,0,0,0,0
Male,36,Standard,3,149,No one,False,3.0,0.43388373911755823,-0.900968867902419,0.0,0.0,0.0,0.0,928,0,0,0,1,1,0
Female,23,Standard,4,124,No one,True,3.75,-0.22252093395631384,-0.9749279121818237,0.0,0.0,0.0,0.0,617,0,1,1,0,0,0
Male,30,Standard,5,56,Jeffrey,False,3.0,0.43388373911755823,-0.900968867902419,0.0,0.0,0.0,0.0,1049,0,0,0,0,0,0
Female,34,Premium,2,73,Chantal,True,3.0,0.43388373911755823,-0.900968867902419,0.0,0.0,0.0,0.0,1157,0,0,0,0,0,0
Female,43,Premium,5,100,Mike,False,3.6,-0.08963930890343337,-0.9959742939952391,0.0,0.0,0.0,0.0,751,0,0,1,0,1,0
Male,13,Premium,3,62,No one,False,2.3333333333333335,0.8660254037844386,-0.5000000000000002,3.0,0.3333333333333333,0.3333333333333333,0.0,893,0,0,0,0,0,0
Female,23,Premium,3,89,Chantal,False,4.0,-0.433883739117558,-0.9009688679024191,3.0,0.0,0.3333333333333333,0.3333333333333333,786,0,0,0,1,1,0
Male,45,Standard,3,156,Jeffrey,True,2.3333333333333335,0.8660254037844386,-0.5000000000000002,1.0,0.0,1.0,0.0,768,0,0,0,0,0,0
Female,42,Standard,3,84,Hanna,True,3.6666666666666665,-0.14904226617617403,-0.9888308262251286,0.0,0.0,0.0,0.0,812,0,0,0,0,0,0
Male,35,Standard,1,40,No one,False,5.0,-0.9749279121818236,-0.2225209339563146,0.0,0.0,0.0,0.0,833,0,0,0,0,0,0
Male,26,Standard,4,107,No one,False,4.0,-0.433883739117558,-0.9009688679024191,3.0,0.6666666666666666,0.0,0.0,528,0,0,0,0,0,0
Male,20,Standard,2,143,Chantal,True,5.0,-0.9749279121818236,-0.2225209339563146,3.0,0.3333333333333333,0.0,0.3333333333333333,707,0,1,0,0,0,0
Female,32,Standard,3,164,Chantal,True,2.6666666666666665,0.6801727377709197,-0.733051871829826,0.0,0.0,0.0,0.0,1050,0,0,0,0,0,0
Female,31,Premium,4,87,No one,True,3.0,0.43388373911755823,-0.900968867902419,0.0,0.0,0.0,0.0,714,0,0,0,0,0,0
Male,29,Standard,3,74,Mike,True,2.6666666666666665,0.6801727377709197,-0.733051871829826,0.0,0.0,0.0,0.0,905,0,0,0,0,0,0
Male,34,Standard,2,35,Chantal,True,3.0,0.43388373911755823,-0.900968867902419,3.0,0.3333333333333333,0.3333333333333333,0.3333333333333333,1158,0,0,0,0,0,0
Female,44,Standard,1,34,Chantal,False,0.0,0.0,1.0,0.0,0.0,0.0,0.0,1061,0,1,0,0,1,0
Male,22,Premium,5,110,No one,False,3.0,0.43388373911755823,-0.900968867902419,1.0,0.0,0.0,0.0,1061,0,0,0,0,0,0
Male,48,Standard,1,172,No one,True,1.0,0.7818314824680298,0.6234898018587336,2.0,0.5,0.5,0.0,1169,0,0,1,1,0,0
Male,36,Standard,1,158,No one,False,6.0,-0.7818314824680299,0.6234898018587334,0.0,0.0,0.0,0.0,1160,0,0,0,1,0,0
Male,16,Premium,1,107,Mike,True,1.0,0.7818314824680298,0.6234898018587336,3.0,0.3333333333333333,0.6666666666666666,0.0,518,0,0,0,0,0,0
Male,14,Standard,3,70,Chantal,True,2.3333333333333335,0.8660254037844386,-0.5000000000000002,0.0,0.0,0.0,0.0,1252,0,1,0,1,0,0
Male,36,Premium,3,38,Chantal,False,2.6666666666666665,0.6801727377709197,-0.733051871829826,0.0,0.0,0.0,0.0,666,1,0,0,0,0,0
Male,40,Premium,2,166,Chantal,True,4.5,-0.7818314824680297,-0.6234898018587337,0.0,0.0,0.0,0.0,697,0,0,0,0,0,0
Male,32,Premium,3,147,No one,False,4.333333333333333,-0.6801727377709191,-0.7330518718298266,0.0,0.0,0.0,0.0,638,0,1,0,0,0,1
Female,12,Standard,5,153,Chantal,True,3.2,0.26603684556667523,-0.9639628606958532,2.0,1.0,0.0,0.0,576,1,1,0,0,0,0
Male,26,Premium,3,60,No one,False,3.0,0.43388373911755823,-0.900968867902419,0.0,0.0,0.0,0.0,851,0,0,1,1,0,0
Male,23,Standard,2,37,Chantal,False,4.5,-0.7818314824680297,-0.6234898018587337,0.0,0.0,0.0,0.0,1218,0,0,0,0,0,0
Male,26,Premium,5,51,Chantal,True,3.2,0.26603684556667523,-0.9639628606958532,1.0,1.0,0.0,0.0,1031,0,0,0,0,0,0
Female,30,Standard,3,59,Chantal,True,3.0,0.43388373911755823,-0.900968867902419,1.0,0.0,0.0,1.0,1156,0,0,0,0,0,0
Male,29,Standard,3,39,No one,True,3.6666666666666665,-0.14904226617617403,-0.9888308262251286,0.0,0.0,0.0,0.0,634,0,0,0,0,0,0
Female,47,Standard,3,49,No one,False,2.3333333333333335,0.8660254037844386,-0.5000000000000002,0.0,0.0,0.0,0.0,1104,0,1,0,1,0,0
Female,13,Standard,3,142,No one,True,3.0,0.43388373911755823,-0.900968867902419,0.0,0.0,0.0,0.0,841,0,0,1,0,0,0
Female,22,Standard,5,51,No one,True,2.6,0.7227948638273916,-0.6910626489868645,0.0,0.0,0.0,0.0,832,0,0,0,0,0,0
Male,33,Premium,4,49,No one,True,4.0,-0.433883739117558,-0.9009688679024191,1.0,1.0,0.0,0.0,555,0,0,0,0,0,0
Female,27,Standard,2,163,No one,True,4.0,-0.433883739117558,-0.9009688679024191,0.0,0.0,0.0,0.0,703,0,0,1,0,0,0
Female,35,Premium,2,66,No one,False,1.0,0.7818314824680298,0.6234898018587336,2.0,0.0,0.5,0.0,996,0,0,1,0,0,0
Female,21,Premium,3,97,No one,True,3.6666666666666665,-0.14904226617617403,-0.9888308262251286,1.0,0.0,1.0,0.0,1222,0,0,1,0,0,0
Male,40,Premium,3,171,Hanna,True,3.6666666666666665,-0.14904226617617403,-0.9888308262251286,0.0,0.0,0.0,0.0,678,0,0,0,0,0,0
Male,15,Standard,3,34,No one,True,3.6666666666666665,-0.14904226617617403,-0.9888308262251286,0.0,0.0,0.0,0.0,1049,0,0,0,0,0,0
Female,23,Premium,3,51,No one,True,3.6666666666666665,-0.14904226617617403,-0.9888308262251286,0.0,0.0,0.0,0.0,822,0,0,0,0,0,0
Female,49,Standard,1,44,Chantal,False,2.0,0.9749279121818236,-0.22252093395631434,3.0,0.6666666666666666,0.0,0.0,640,0,0,0,0,0,0
Male,42,Premium,2,116,Chantal,False,2.0,0.9749279121818236,-0.22252093395631434,0.0,0.0,0.0,0.0,1102,0,0,0,0,1,1
Male,27,Premium,3,92,No one,False,1.6666666666666667,0.9972037971811801,0.07473009358642417,2.0,1.0,0.0,0.0,606,0,0,1,1,0,0
Female,41,Standard,3,101,Chantal,False,3.6666666666666665,-0.14904226617617403,-0.9888308262251286,3.0,0.3333333333333333,0.3333333333333333,0.3333333333333333,940,0,0,1,0,1,0
Male,22,Premium,3,146,Jeffrey,False,3.0,0.43388373911755823,-0.900968867902419,3.0,0.6666666666666666,0.3333333333333333,0.0,1131,0,0,0,0,0,0
Female,36,Standard,4,146,No one,True,2.25,0.9009688679024191,-0.43388373911755806,0.0,0.0,0.0,0.0,842,0,0,0,0,0,0
Male,26,Standard,5,68,Jeffrey,True,3.6,-0.08963930890343337,-0.9959742939952391,1.0,1.0,0.0,0.0,1077,0,0,0,1,0,0
Female,19,Premium,5,176,Mike,True,3.0,0.43388373911755823,-0.900968867902419,3.0,0.6666666666666666,0.3333333333333333,0.0,593,0,0,0,0,0,0
Female,38,Standard,4,89,No one,True,3.25,0.2225209339563141,-0.9749279121818237,1.0,1.0,0.0,0.0,770,0,0,0,0,0,0
Male,39,Standard,2,104,Mike,False,2.5,0.7818314824680299,-0.6234898018587335,0.0,0.0,0.0,0.0,870,0,0,0,0,0,0
Female,43,Premium,3,172,No one,False,2.6666666666666665,0.6801727377709197,-0.733051871829826,2.0,0.0,0.5,0.0,737,0,0,0,0,0,0
Female,39,Standard,3,105,No one,True,1.0,0.7818314824680298,0.6234898018587336,0.0,0.0,0.0,0.0,1011,0,0,0,0,0,0
Male,21,Standard,3,49,No one,False,4.0,-0.433883739117558,-0.9009688679024191,0.0,0.0,0.0,0.0,779,1,0,0,0,1,0
Female,39,Standard,2,121,Jeffrey,False,4.5,-0.7818314824680297,-0.6234898018587337,0.0,0.0,0.0,0.0,773,0,0,0,0,0,0
Female,35,Standard,2,61,Jeffrey,False,2.0,0.9749279121818236,-0.22252093395631434,2.0,0.0,0.5,0.5,980,0,0,1,0,0,0
Male,35,Standard,1,156,No one,False,4.0,-0.433883739117558,-0.9009688679024191,2.0,0.0,0.0,0.5,1167,0,0,0,0,0,0
Female,31,Standard,1,163,No one,False,2.0,0.9749279121818236,-0.22252093395631434,2.0,1.0,0.0,0.0,582,0,0,0,0,0,0
Female,15,Premium,2,73,Mike,True,2.0,0.9749279121818236,-0.22252093395631434,0.0,0.0,0.0,0.0,817,1,0,0,0,0,0
Female,44,Premium,2,62,No one,True,2.0,0.9749279121818236,-0.22252093395631434,1.0,0.0,0.0,1.0,1033,0,0,0,0,0,0
Male,37,Standard,1,133,No one,False,0.0,0.0,1.0,2.0,0.5,0.0,0.5,1005,0,0,0,0,0,0
Male,32,Standard,1,44,No one,True,5.0,-0.9749279121818236,-0.2225209339563146,2.0,0.0,0.5,0.5,1124,0,0,0,0,0,0
Female,17,Standard,2,83,No one,False,5.0,-0.9749279121818236,-0.2225209339563146,1.0,0.0,0.0,0.0,1255,0,1,0,0,1,0
Female,37,Standard,1,113,No one,False,1.0,0.7818314824680298,0.6234898018587336,1.0,0.0,1.0,0.0,1086,0,0,0,0,0,0
Female,25,Standard,3,65,Hanna,False,3.6666666666666665,-0.14904226617617403,-0.9888308262251286,0.0,0.0,0.0,0.0,921,0,0,0,0,0,0
Female,32,Standard,2,162,Jeffrey,False,3.5,1.2246467991473532e-16,-1.0,3.0,0.0,0.6666666666666666,0.0,1024,0,0,0,0,0,0
Female,44,Standard,5,145,Mike,True,3.2,0.26603684556667523,-0.9639628606958532,1.0,1.0,0.0,0.0,1204,0,0,0,0,0,0
Female,37,Premium,4,126,No one,False,2.0,0.9749279121818236,-0.22252093395631434,3.0,0.3333333333333333,0.3333333333333333,0.3333333333333333,711,0,1,1,0,0,0
Male,17,Standard,1,177,Chantal,False,1.0,0.7818314824680298,0.6234898018587336,2.0,1.0,0.0,0.0,737,1,1,0,0,0,0
Female,34,Standard,3,76,Chantal,True,3.3333333333333335,0.14904226617617428,-0.9888308262251285,3.0,0.3333333333333333,0.0,0.6666666666666666,647,0,0,0,0,0,0
Female,21,Premium,2,161,Hanna,True,1.0,0.7818314824680298,0.6234898018587336,3.0,0.6666666666666666,0.3333333333333333,0.0,1120,0,0,1,0,0,0
Male,44,Standard,3,117,Chantal,False,1.6666666666666667,0.9972037971811801,0.07473009358642417,0.0,0.0,0.0,0.0,631,0,0,0,1,0,0
Female,28,Standard,2,154,No one,False,2.0,0.9749279121818236,-0.22252093395631434,2.0,0.0,0.5,0.5,1222,0,1,0,0,0,1
Male,23,Premium,1,139,Chantal,False,6.0,-0.7818314824680299,0.6234898018587334,1.0,0.0,0.0,1.0,1241,0,0,0,0,0,0
Male,29,Premium,1,80,Jeffrey,True,0.0,0.0,1.0,1.0,1.0,0.0,0.0,1042,0,0,0,0,0,1
Female,28,Premium,1,87,Hanna,True,1.0,0.7818314824680298,0.6234898018587336,3.0,0.3333333333333333,0.0,0.3333333333333333,788,0,0,0,0,0,1
Male,21,Premium,2,106,No one,True,1.0,0.7818314824680298,0.6234898018587336,0.0,0.0,0.0,0.0,1210,0,0,0,0,0,0
Female,46,Premium,5,168,Jeffrey,True,3.2,0.26603684556667523,-0.9639628606958532,2.0,0.5,0.5,0.0,678,0,0,0,1,0,1
Female,33,Premium,2,135,No one,True,5.5,-0.9749279121818238,0.22252093395631334,3.0,0.0,0.0,0.6666666666666666,532,0,0,0,0,0,0
Female,39,Premium,2,53,Chantal,True,3.5,1.2246467991473532e-16,-1.0,2.0,0.5,0.0,0.5,1063,0,0,0,0,0,0
Male,25,Premium,2,86,Mike,False,2.0,0.9749279121818236,-0.22252093395631434,0.0,0.0,0.0,0.0,1014,0,0,0,0,0,0
Female,29,Premium,3,168,No one,False,4.666666666666667,-0.8660254037844388,-0.4999999999999996,2.0,0.0,0.5,0.0,1216,1,0,0,0,1,0
Male,34,Premium,3,80,Mike,False,2.3333333333333335,0.8660254037844386,-0.5000000000000002,0.0,0.0,0.0,0.0,876,0,0,0,0,0,0
Male,40,Premium,2,50,No one,True,4.0,-0.433883739117558,-0.9009688679024191,1.0,1.0,0.0,0.0,1132,0,1,0,0,0,0
Female,14,Premium,3,126,No one,False,3.3333333333333335,0.14904226617617428,-0.9888308262251285,0.0,0.0,0.0,0.0,509,0,0,0,0,0,0
Male,43,Standard,1,78,No one,False,2.0,0.9749279121818236,-0.22252093395631434,0.0,0.0,0.0,0.0,1178,1,0,0,0,0,0
Male,26,Premium,5,42,No one,False,2.6,0.7227948638273916,-0.6910626489868645,0.0,0.0,0.0,0.0,1081,0,1,0,1,0,0
Male,45,Premium,2,180,Hanna,True,1.0,0.7818314824680298,0.6234898018587336,2.0,1.0,0.0,0.0,860,0,0,0,0,0,1
Female,26,Standard,2,59,Chantal,True,4.0,-0.433883739117558,-0.9009688679024191,0.0,0.0,0.0,0.0,1226,0,0,0,0,0,0
Female,26,Premium,3,56,No one,True,3.0,0.43388373911755823,-0.900968867902419,3.0,0.0,0.3333333333333333,0.6666666666666666,1055,0,0,0,1,0,1
Female,16,Premium,3,117,Hanna,False,3.6666666666666665,-0.14904226617617403,-0.9888308262251286,3.0,0.3333333333333333,0.0,0.3333333333333333,765,0,1,0,0,1,0
Male,49,Premium,1,83,Hanna,True,4.0,-0.433883739117558,-0.9009688679024191,2.0,0.0,0.5,0.5,786,0,0,0,0,0,0
Male,26,Premium,2,131,Jeffrey,True,1.5,0.9749279121818236,0.22252093395631445,1.0,0.0,1.0,0.0,1148,0,0,0,0,0,1
Male,19,Standard,2,86,Jeffrey,False,4.5,-0.7818314824680297,-0.6234898018587337,2.0,0.0,0.5,0.0,1223,0,0,0,0,0,0
Female,34,Premium,1,109,Chantal,True,3.0,0.43388373911755823,-0.900968867902419,2.0,0.5,0.0,0.5,1077,0,0,0,0,0,0
Female,12,Standard,3,87,Hanna,False,2.0,0.9749279121818236,-0.22252093395631434,0.0,0.0,0.0,0.0,539,0,0,0,0,0,0
Female,26,Standard,5,105,No one,True,2.6,0.7227948638273916,-0.6910626489868645,0.0,0.0,0.0,0.0,814,1,0,1,0,0,0
Female,39,Standard,2,105,Jeffrey,False,2.5,0.7818314824680299,-0.6234898018587335,2.0,0.5,0.0,0.5,505,0,0,0,0,0,0
Female,41,Standard,4,48,No one,False,2.25,0.9009688679024191,-0.43388373911755806,2.0,0.5,0.5,0.0,609,0,0,1,1,0,0
Female,17,Premium,2,174,Hanna,True,2.5,0.7818314824680299,-0.6234898018587335,0.0,0.0,0.0,0.0,570,0,0,0,0,0,1
Female,28,Standard,3,41,Chantal,False,3.3333333333333335,0.14904226617617428,-0.9888308262251285,0.0,0.0,0.0,0.0,1199,0,0,0,0,0,0
Female,37,Premium,3,48,No one,True,4.333333333333333,-0.6801727377709191,-0.7330518718298266,0.0,0.0,0.0,0.0,788,0,0,0,0,0,0
Female,33,Standard,3,65,No one,True,5.0,-0.9749279121818236,-0.2225209339563146,0.0,0.0,0.0,0.0,527,0,0,0,0,0,0
Female,45,Premium,2,153,Hanna,True,1.5,0.9749279121818236,0.22252093395631445,3.0,0.3333333333333333,0.0,0.3333333333333333,637,0,1,0,1,0,0
Male,17,Premium,2,166,Mike,True,4.5,-0.7818314824680297,-0.6234898018587337,0.0,0.0,0.0,0.0,518,0,0,0,0,0,0
Male,29,Standard,3,66,No one,True,4.0,-0.433883739117558,-0.9009688679024191,1.0,0.0,1.0,0.0,782,0,0,0,0,0,0
Female,20,Premium,1,57,Hanna,True,2.0,0.9749279121818236,-0.22252093395631434,0.0,0.0,0.0,0.0,1072,0,0,0,0,0,1
Female,17,Premium,2,162,No one,True,3.5,1.2246467991473532e-16,-1.0,3.0,0.0,0.0,0.6666666666666666,1018,0,0,0,0,1,0
Female,16,Premium,3,31,Chantal,False,4.0,-0.433883739117558,-0.9009688679024191,0.0,0.0,0.0,0.0,915,0,0,1,0,0,0
Female,15,Premium,3,36,Chantal,True,3.6666666666666665,-0.14904226617617403,-0.9888308262251286,2.0,0.5,0.5,0.0,662,1,0,0,0,0,1
Male,27,Premium,2,141,Jeffrey,False,3.0,0.43388373911755823,-0.900968867902419,3.0,0.3333333333333333,0.0,0.3333333333333333,995,0,1,0,0,0,0
Female,26,Standard,4,156,Chantal,True,2.5,0.7818314824680299,-0.6234898018587335,2.0,0.5,0.0,0.5,783,0,0,0,0,0,0
Female,22,Standard,3,97,No one,False,3.0,0.43388373911755823,-0.900968867902419,2.0,0.0,0.0,0.5,1049,0,1,0,0,0,1
Male,22,Premium,1,42,Chantal,True,4.0,-0.433883739117558,-0.9009688679024191,0.0,0.0,0.0,0.0,691,0,0,0,1,0,0
Female,19,Standard,3,164,Jeffrey,True,3.6666666666666665,-0.14904226617617403,-0.9888308262251286,0.0,0.0,0.0,0.0,1087,0,0,0,0,0,0
Male,45,Premium,3,168,Mike,True,3.0,0.43388373911755823,-0.900968867902419,0.0,0.0,0.0,0.0,680,0,0,0,0,0,0
Female,44,Standard,2,55,No one,False,1.5,0.9749279121818236,0.22252093395631445,0.0,0.0,0.0,0.0,713,0,0,0,0,0,0
Male,39,Standard,2,45,Chantal,False,3.5,1.2246467991473532e-16,-1.0,2.0,0.0,0.5,0.0,1142,1,0,0,0,0,0
Male,30,Premium,1,90,Mike,True,6.0,-0.7818314824680299,0.6234898018587334,1.0,0.0,0.0,0.0,518,0,0,0,0,0,0
Female,29,Standard,1,79,No one,False,6.0,-0.7818314824680299,0.6234898018587334,1.0,0.0,1.0,0.0,746,0,0,0,0,0,0
Female,29,Premium,1,81,Chantal,True,5.0,-0.9749279121818236,-0.2225209339563146,0.0,0.0,0.0,0.0,1014,0,0,0,0,0,0
Male,36,Premium,3,61,No one,True,4.333333333333333,-0.6801727377709191,-0.7330518718298266,1.0,0.0,0.0,0.0,1177,0,0,0,0,0,0
Female,16,Standard,3,129,No one,True,4.0,-0.433883739117558,-0.9009688679024191,2.0,0.0,0.5,0.5,893,0,0,0,1,0,0
Female,49,Premium,3,114,No one,False,2.6666666666666665,0.6801727377709197,-0.733051871829826,0.0,0.0,0.0,0.0,1177,1,0,0,1,0,0
Female,19,Premium,3,59,No one,False,2.6666666666666665,0.6801727377709197,-0.733051871829826,3.0,0.6666666666666666,0.3333333333333333,0.0,633,0,0,0,0,0,0
Male,46,Premium,2,132,Hanna,False,2.5,0.7818314824680299,-0.6234898018587335,0.0,0.0,0.0,0.0,687,0,0,0,1,0,1
Female,26,Standard,3,112,Chantal,True,2.0,0.9749279121818236,-0.22252093395631434,0.0,0.0,0.0,0.0,894,0,0,0,0,1,1
Female,34,Standard,4,69,No one,False,2.5,0.7818314824680299,-0.6234898018587335,0.0,0.0,0.0,0.0,766,0,0,0,0,0,0
Female,37,Premium,5,135,Chantal,True,3.6,-0.08963930890343337,-0.9959742939952391,1.0,0.0,1.0,0.0,1128,0,0,0,0,0,0
Female,22,Premium,1,96,No one,True,6.0,-0.7818314824680299,0.6234898018587334,3.0,0.3333333333333333,0.0,0.3333333333333333,747,0,0,0,1,0,0
Male,41,Premium,5,137,Chantal,False,2.8,0.5877852522924732,-0.8090169943749473,0.0,0.0,0.0,0.0,981,0,0,0,0,0,0
Female,39,Premium,2,39,No one,False,4.5,-0.7818314824680297,-0.6234898018587337,0.0,0.0,0.0,0.0,1204,0,0,0,0,0,0
Male,14,Premium,3,180,Mike,False,3.3333333333333335,0.14904226617617428,-0.9888308262251285,0.0,0.0,0.0,0.0,965,0,0,0,0,0,1
Female,16,Standard,3,129,No one,False,4.333333333333333,-0.6801727377709191,-0.7330518718298266,3.0,0.3333333333333333,0.0,0.6666666666666666,846,1,0,0,0,0,0
Male,31,Standard,2,85,Jeffrey,True,4.5,-0.7818314824680297,-0.6234898018587337,3.0,0.0,0.3333333333333333,0.6666666666666666,1077,0,1,1,0,0,0
Female,25,Standard,2,45,Chantal,False,1.5,0.9749279121818236,0.22252093395631445,0.0,0.0,0.0,0.0,912,0,0,0,1,0,0
Male,31,Premium,2,130,No one,True,3.5,1.2246467991473532e-16,-1.0,3.0,0.6666666666666666,0.0,0.3333333333333333,961,0,0,0,0,1,1
Male,30,Standard,5,164,Jeffrey,True,2.6,0.7227948638273916,-0.6910626489868645,2.0,0.5,0.0,0.5,656,0,0,0,0,0,0
Female,47,Premium,3,167,No one,True,4.666666666666667,-0.8660254037844388,-0.4999999999999996,0.0,0.0,0.0,0.0,891,0,0,0,0,1,0
Female,29,Standard,5,170,No one,False,3.0,0.43388373911755823,-0.900968867902419,0.0,0.0,0.0,0.0,1094,0,0,0,0,0,0
Female,43,Standard,1,120,Chantal,True,5.0,-0.9749279121818236,-0.2225209339563146,1.0,0.0,0.0,1.0,884,1,0,1,0,0,0
Male,23,Standard,1,96,Mike,False,6.0,-0.7818314824680299,0.6234898018587334,0.0,0.0,0.0,0.0,688,0,0,0,0,0,0
Male,27,Premium,2,159,No one,True,3.5,1.2246467991473532e-16,-1.0,1.0,0.0,0.0,0.0,989,0,0,0,1,0,0
Male,34,Premium,2,99,Mike,False,1.5,0.9749279121818236,0.22252093395631445,0.0,0.0,0.0,0.0,1038,0,0,1,0,0,0
Male,12,Standard,2,118,Chantal,True,3.5,1.2246467991473532e-16,-1.0,2.0,0.0,0.5,0.5,838,0,1,0,0,1,0
Male,37,Premium,1,172,No one,True,5.0,-0.9749279121818236,-0.2225209339563146,1.0,1.0,0.0,0.0,790,0,0,0,0,0,0
Female,38,Standard,3,67,No one,True,2.0,0.9749279121818236,-0.22252093395631434,1.0,1.0,0.0,0.0,1001,1,1,0,0,0,0
Female,30,Standard,1,180,Hanna,False,5.0,-0.9749279121818236,-0.2225209339563146,0.0,0.0,0.0,0.0,848,0,0,0,0,0,0
Female,25,Standard,2,90,Jeffrey,True,0.5,0.4338837391175581,0.9009688679024191,2.0,1.0,0.0,0.0,839,0,0,0,0,0,0
Male,49,Standard,2,126,Hanna,True,3.0,0.43388373911755823,-0.900968867902419,0.0,0.0,0.0,0.0,1120,0,0,0,0,0,0
Female,35,Premium,1,156,No one,False,1.0,0.7818314824680298,0.6234898018587336,0.0,0.0,0.0,0.0,732,0,0,0,0,0,1
Female,41,Standard,2,120,Jeffrey,True,3.5,1.2246467991473532e-16,-1.0,2.0,0.5,0.0,0.5,846,1,0,0,0,1,0
Male,33,Premium,3,77,No one,True,1.3333333333333333,0.9308737486442041,0.3653410243663952,0.0,0.0,0.0,0.0,554,0,1,0,0,1,0
Female,27,Premium,2,130,No one,False,2.5,0.7818314824680299,-0.6234898018587335,0.0,0.0,0.0,0.0,1042,0,0,1,0,0,1
Female,18,Standard,3,143,No one,True,3.0,0.43388373911755823,-0.900968867902419,3.0,0.3333333333333333,0.0,0.6666666666666666,1123,0,0,1,0,0,0
Male,18,Premium,4,144,No one,False,4.0,-0.433883739117558,-0.9009688679024191,1.0,1.0,0.0,0.0,1148,0,0,0,0,0,1
Female,30,Premium,4,102,Jeffrey,False,4.25,-0.6234898018587338,-0.7818314824680296,3.0,0.0,0.3333333333333333,0.6666666666666666,867,0,0,0,0,0,0
Female,39,Standard,4,73,Jeffrey,False,3.75,-0.22252093395631384,-0.9749279121818237,2.0,1.0,0.0,0.0,981,0,1,0,0,0,1
Female,30,Standard,3,117,Jeffrey,False,4.333333333333333,-0.6801727377709191,-0.7330518718298266,2.0,0.5,0.0,0.5,1116,0,0,0,0,1,0
Female,25,Premium,4,105,Chantal,True,2.25,0.9009688679024191,-0.43388373911755806,1.0,1.0,0.0,0.0,1094,0,0,0,0,0,0
Female,16,Standard,1,155,Mike,False,0.0,0.0,1.0,3.0,0.0,0.0,1.0,1202,0,0,0,0,0,0
Male,30,Standard,3,66,Chantal,True,3.3333333333333335,0.14904226617617428,-0.9888308262251285,1.0,0.0,0.0,1.0,895,0,0,0,0,0,0
Female,41,Premium,1,138,Hanna,False,2.0,0.9749279121818236,-0.22252093395631434,0.0,0.0,0.0,0.0,981,1,0,0,0,0,0
Female,38,Standard,3,80,Jeffrey,True,2.3333333333333335,0.8660254037844386,-0.5000000000000002,1.0,0.0,0.0,1.0,697,0,0,0,0,1,1
Male,46,Standard,3,72,Jeffrey,False,3.0,0.43388373911755823,-0.900968867902419,0.0,0.0,0.0,0.0,1108,0,0,0,0,0,0
Female,28,Premium,4,95,Jeffrey,False,2.5,0.7818314824680299,-0.6234898018587335,0.0,0.0,0.0,0.0,562,0,0,0,0,0,0
Male,15,Premium,2,175,No one,True,1.5,0.9749279121818236,0.22252093395631445,2.0,0.0,0.5,0.5,1147,0,0,0,0,1,1
Male,25,Premium,2,176,No one,True,2.0,0.9749279121818236,-0.22252093395631434,0.0,0.0,0.0,0.0,655,0,1,0,0,0,0
Female,18,Standard,2,164,No one,False,2.5,0.7818314824680299,-0.6234898018587335,0.0,0.0,0.0,0.0,1095,0,0,0,0,0,0
Female,38,Premium,4,107,Hanna,True,2.25,0.9009688679024191,-0.43388373911755806,3.0,0.3333333333333333,0.3333333333333333,0.0,1254,0,0,0,0,0,0
Female,22,Standard,4,75,No one,True,3.25,0.2225209339563141,-0.9749279121818237,0.0,0.0,0.0,0.0,873,0,0,0,0,1,0
Female,44,Premium,3,43,Jeffrey,True,2.6666666666666665,0.6801727377709197,-0.733051871829826,0.0,0.0,0.0,0.0,1067,1,0,0,0,0,0
Male,14,Premium,5,103,Mike,True,3.4,0.08963930890343362,-0.9959742939952391,2.0,0.5,0.0,0.5,505,0,0,0,0,0,0
Female,41,Premium,3,103,Chantal,True,5.0,-0.9749279121818236,-0.2225209339563146,0.0,0.0,0.0,0.0,596,0,0,0,0,0,0
Male,34,Premium,2,55,Jeffrey,False,4.0,-0.433883739117558,-0.9009688679024191,1.0,0.0,0.0,0.0,819,0,0,0,0,0,0
Male,26,Premium,1,84,Chantal,True,4.0,-0.433883739117558,-0.9009688679024191,1.0,0.0,0.0,1.0,765,0,0,0,0,1,1
Female,48,Standard,1,75,Chantal,True,4.0,-0.433883739117558,-0.9009688679024191,0.0,0.0,0.0,0.0,642,0,1,0,0,0,0
Male,45,Standard,1,71,No one,True,0.0,0.0,1.0,2.0,0.5,0.0,0.0,571,0,1,0,0,1,0
Male,20,Standard,4,129,Mike,False,2.0,0.9749279121818236,-0.22252093395631434,2.0,1.0,0.0,0.0,586,0,0,0,0,0,0
Male,33,Standard,3,92,Jeffrey,False,4.333333333333333,-0.6801727377709191,-0.7330518718298266,3.0,0.3333333333333333,0.3333333333333333,0.3333333333333333,1019,0,0,0,0,1,0
Male,23,Standard,2,106,Jeffrey,True,4.0,-0.433883739117558,-0.9009688679024191,0.0,0.0,0.0,0.0,716,0,0,0,0,0,0
Male,23,Standard,2,140,Mike,True,1.5,0.9749279121818236,0.22252093395631445,2.0,0.0,1.0,0.0,1057,0,0,0,0,1,0
Female,22,Premium,1,54,No one,False,3.0,0.43388373911755823,-0.900968867902419,0.0,0.0,0.0,0.0,583,1,0,0,0,0,0
Female,43,Standard,3,39,Mike,True,1.6666666666666667,0.9972037971811801,0.07473009358642417,0.0,0.0,0.0,0.0,716,0,0,0,0,0,0
Male,14,Premium,2,141,Chantal,True,3.5,1.2246467991473532e-16,-1.0,0.0,0.0,0.0,0.0,743,1,0,0,0,0,0
Male,24,Premium,2,177,No one,True,3.0,0.43388373911755823,-0.900968867902419,3.0,0.6666666666666666,0.0,0.0,706,0,0,0,0,0,0
Female,45,Standard,1,154,No one,False,6.0,-0.7818314824680299,0.6234898018587334,0.0,0.0,0.0,0.0,1240,1,0,0,0,0,0
Male,19,Premium,2,126,No one,False,2.5,0.7818314824680299,-0.6234898018587335,1.0,0.0,0.0,0.0,770,0,0,1,0,0,0
Female,26,Premium,3,139,Mike,True,3.0,0.43388373911755823,-0.900968867902419,2.0,0.0,0.5,0.5,1121,0,0,0,1,0,1
Male,28,Standard,2,74,No one,False,2.5,0.7818314824680299,-0.6234898018587335,0.0,0.0,0.0,0.0,852,0,0,1,0,1,0
Male,45,Standard,1,95,No one,False,0.0,0.0,1.0,1.0,0.0,0.0,1.0,1087,0,0,0,0,0,0
Male,49,Standard,3,53,Mike,True,3.0,0.43388373911755823,-0.900968867902419,1.0,0.0,0.0,1.0,1030,0,0,0,1,1,0
Female,26,Standard,2,153,Chantal,True,3.5,1.2246467991473532e-16,-1.0,3.0,0.0,0.3333333333333333,0.3333333333333333,944,0,0,0,0,0,0
Male,43,Premium,5,180,Mike,False,2.8,0.5877852522924732,-0.8090169943749473,0.0,0.0,0.0,0.0,1072,0,0,0,0,0,0
Male,33,Premium,2,139,Mike,False,3.5,1.2246467991473532e-16,-1.0,0.0,0.0,0.0,0.0,762,1,0,0,0,0,0
Female,28,Standard,3,60,Chantal,False,3.6666666666666665,-0.14904226617617403,-0.9888308262251286,0.0,0.0,0.0,0.0,595,0,0,0,0,0,0
Female,49,Premium,1,155,Jeffrey,False,4.0,-0.433883739117558,-0.9009688679024191,1.0,1.0,0.0,0.0,486,0,0,0,0,0,0
Male,16,Standard,2,69,No one,True,3.5,1.2246467991473532e-16,-1.0,0.0,0.0,0.0,0.0,703,0,0,0,0,0,0
Female,39,Standard,2,145,No one,False,1.5,0.9749279121818236,0.22252093395631445,2.0,0.0,0.5,0.5,914,0,0,0,0,0,1
Female,12,Standard,3,113,No one,True,3.3333333333333335,0.14904226617617428,-0.9888308262251285,1.0,0.0,1.0,0.0,710,0,0,1,0,1,0
Male,40,Standard,3,54,No one,True,2.0,0.9749279121818236,-0.22252093395631434,0.0,0.0,0.0,0.0,521,0,1,1,0,0,0
Male,44,Premium,1,67,Jeffrey,False,6.0,-0.7818314824680299,0.6234898018587334,0.0,0.0,0.0,0.0,934,0,0,0,1,0,0
Female,12,Premium,2,129,No one,False,5.5,-0.9749279121818238,0.22252093395631334,0.0,0.0,0.0,0.0,485,0,0,0,0,0,0
Male,43,Premium,4,63,Jeffrey,True,2.0,0.9749279121818236,-0.22252093395631434,3.0,0.3333333333333333,0.3333333333333333,0.3333333333333333,638,0,0,0,0,1,0
Female,29,Premium,3,40,No one,False,2.6666666666666665,0.6801727377709197,-0.733051871829826,3.0,0.3333333333333333,0.3333333333333333,0.3333333333333333,1243,1,0,0,0,0,0
Male,19,Standard,3,60,No one,True,2.6666666666666665,0.6801727377709197,-0.733051871829826,0.0,0.0,0.0,0.0,874,0,1,0,1,0,0
Male,19,Premium,2,63,No one,False,3.5,1.2246467991473532e-16,-1.0,3.0,0.6666666666666666,0.0,0.3333333333333333,1162,0,0,0,0,0,0
Male,13,Premium,1,30,No one,False,4.0,-0.433883739117558,-0.9009688679024191,0.0,0.0,0.0,0.0,970,0,1,0,0,0,0
Female,16,Standard,3,56,Chantal,False,2.6666666666666665,0.6801727377709197,-0.733051871829826,0.0,0.0,0.0,0.0,910,0,0,0,0,0,0
Female,23,Standard,3,128,No one,False,2.6666666666666665,0.6801727377709197,-0.733051871829826,2.0,0.5,0.0,0.5,753,0,0,0,0,0,0
Male,35,Standard,1,174,No one,False,1.0,0.7818314824680298,0.6234898018587336,0.0,0.0,0.0,0.0,979,1,0,0,0,0,0
Female,27,Premium,2,112,No one,False,1.5,0.9749279121818236,0.22252093395631445,0.0,0.0,0.0,0.0,1108,0,0,0,1,0,0
Female,47,Premium,2,69,Chantal,True,3.5,1.2246467991473532e-16,-1.0,2.0,0.0,0.0,0.5,909,1,0,0,0,0,1
Male,45,Standard,1,87,Jeffrey,True,0.0,0.0,1.0,0.0,0.0,0.0,0.0,1163,0,0,0,0,0,0
Female,27,Premium,1,85,No one,False,3.0,0.43388373911755823,-0.900968867902419,0.0,0.0,0.0,0.0,857,0,0,0,0,0,0
Male,19,Standard,3,176,Jeffrey,False,3.0,0.43388373911755823,-0.900968867902419,3.0,0.0,0.3333333333333333,0.3333333333333333,776,0,0,0,0,0,0
Male,36,Standard,1,62,Mike,True,5.0,-0.9749279121818236,-0.2225209339563146,1.0,0.0,1.0,0.0,716,0,1,1,0,0,0
Male,23,Standard,3,127,No one,False,3.0,0.43388373911755823,-0.900968867902419,3.0,0.3333333333333333,0.3333333333333333,0.3333333333333333,1142,0,0,0,0,0,0
Male,25,Premium,1,33,Hanna,False,5.0,-0.9749279121818236,-0.2225209339563146,2.0,0.5,0.5,0.0,870,0,0,0,0,1,0
Female,23,Standard,3,30,No one,False,2.0,0.9749279121818236,-0.22252093395631434,2.0,0.5,0.5,0.0,763,0,0,1,0,0,0
Female,21,Standard,1,84,No one,False,0.0,0.0,1.0,0.0,0.0,0.0,0.0,509,0,0,1,0,0,0
Female,48,Premium,1,137,Chantal,False,2.0,0.9749279121818236,-0.22252093395631434,1.0,0.0,0.0,1.0,884,0,0,0,0,0,0
Male,26,Standard,4,147,No one,False,1.5,0.9749279121818236,0.22252093395631445,0.0,0.0,0.0,0.0,524,0,0,0,0,0,1
Male,17,Standard,2,93,No one,False,3.0,0.43388373911755823,-0.900968867902419,2.0,0.0,1.0,0.0,504,0,0,0,0,0,0
Male,13,Standard,2,135,No one,False,3.5,1.2246467991473532e-16,-1.0,1.0,0.0,1.0,0.0,634,0,0,0,1,1,0
Female,33,Standard,3,149,No one,True,2.6666666666666665,0.6801727377709197,-0.733051871829826,0.0,0.0,0.0,0.0,1170,1,0,0,0,1,0
Female,31,Premium,4,143,No one,False,1.75,1.0,6.123233995736766e-17,0.0,0.0,0.0,0.0,1233,0,0,1,0,0,0
Female,24,Standard,2,30,No one,True,1.5,0.9749279121818236,0.22252093395631445,1.0,1.0,0.0,0.0,1225,0,0,0,0,0,0
Female,30,Premium,1,168,Chantal,True,4.0,-0.433883739117558,-0.9009688679024191,0.0,0.0,0.0,0.0,1079,0,0,0,0,0,0
Female,15,Standard,2,161,No one,False,5.0,-0.9749279121818236,-0.2225209339563146,1.0,0.0,1.0,0.0,860,0,0,0,0,0,0
Female,27,Premium,5,42,No one,False,2.6,0.7227948638273916,-0.6910626489868645,0.0,0.0,0.0,0.0,1102,0,0,0,0,0,0
Male,16,Standard,4,31,Mike,False,3.5,1.2246467991473532e-16,-1.0,3.0,1.0,0.0,0.0,823,0,0,1,0,0,0
Female,34,Premium,3,129,Chantal,True,1.0,0.7818314824680298,0.6234898018587336,0.0,0.0,0.0,0.0,675,0,0,1,0,0,0
Female,26,Standard,3,132,No one,True,3.3333333333333335,0.14904226617617428,-0.9888308262251285,1.0,0.0,0.0,1.0,507,1,0,0,0,0,0
Male,20,Premium,2,83,No one,False,1.0,0.7818314824680298,0.6234898018587336,0.0,0.0,0.0,0.0,530,0,0,0,0,0,0
Female,45,Premium,3,58,No one,True,3.3333333333333335,0.14904226617617428,-0.9888308262251285,2.0,0.0,1.0,0.0,1199,0,0,0,1,1,0
Male,31,Premium,2,173,Mike,True,2.5,0.7818314824680299,-0.6234898018587335,1.0,0.0,1.0,0.0,891,0,0,0,0,0,0
Male,48,Premium,4,149,Chantal,False,2.5,0.7818314824680299,-0.6234898018587335,1.0,0.0,1.0,0.0,964,0,0,0,0,0,0
Female,39,Premium,4,105,No one,False,1.5,0.9749279121818236,0.22252093395631445,0.0,0.0,0.0,0.0,1138,0,0,0,0,0,0
Male,28,Standard,5,120,No one,False,2.4,0.8345732537213026,-0.5508969814521024,0.0,0.0,0.0,0.0,893,0,1,0,0,0,0
Male,18,Premium,3,163,Jeffrey,False,2.0,0.9749279121818236,-0.22252093395631434,2.0,0.5,0.5,0.0,1066,0,0,0,0,0,0
Male,36,Premium,3,134,No one,True,3.3333333333333335,0.14904226617617428,-0.9888308262251285,0.0,0.0,0.0,0.0,965,0,0,0,0,0,0
Female,26,Standard,3,74,Chantal,False,4.333333333333333,-0.6801727377709191,-0.7330518718298266,1.0,0.0,1.0,0.0,622,0,0,0,0,0,0
Male,44,Premium,2,107,Jeffrey,True,3.0,0.43388373911755823,-0.900968867902419,0.0,0.0,0.0,0.0,490,0,0,0,0,1,0
Male,12,Premium,1,138,No one,False,1.0,0.7818314824680298,0.6234898018587336,2.0,0.5,0.5,0.0,1028,0,0,0,0,0,0
Male,24,Standard,1,175,Hanna,True,3.0,0.43388373911755823,-0.900968867902419,2.0,0.0,0.5,0.5,538,0,0,0,0,0,0
Male,48,Premium,2,79,No one,False,1.5,0.9749279121818236,0.22252093395631445,0.0,0.0,0.0,0.0,1019,0,0,0,0,0,0
Female,13,Premium,1,60,No one,True,5.0,-0.9749279121818236,-0.2225209339563146,2.0,0.0,1.0,0.0,715,0,0,0,0,0,0
Female,29,Standard,2,118,Jeffrey,True,3.5,1.2246467991473532e-16,-1.0,0.0,0.0,0.0,0.0,885,0,0,0,1,0,0
Female,12,Premium,2,101,Hanna,False,0.5,0.4338837391175581,0.9009688679024191,2.0,0.5,0.0,0.5,589,0,0,0,0,0,0
Female,37,Premium,1,49,No one,False,2.0,0.9749279121818236,-0.22252093395631434,3.0,0.6666666666666666,0.0,0.3333333333333333,926,0,0,1,0,0,0
Female,20,Standard,1,88,Hanna,True,1.0,0.7818314824680298,0.6234898018587336,0.0,0.0,0.0,0.0,535,1,0,1,0,0,0
Male,22,Standard,2,83,No one,False,4.0,-0.433883739117558,-0.9009688679024191,0.0,0.0,0.0,0.0,979,0,1,0,0,0,0
Female,13,Standard,2,56,No one,False,3.5,1.2246467991473532e-16,-1.0,1.0,0.0,0.0,1.0,996,1,0,1,0,0,0
Male,35,Premium,1,58,Jeffrey,True,3.0,0.43388373911755823,-0.900968867902419,3.0,0.6666666666666666,0.3333333333333333,0.0,987,0,0,0,0,0,0
Female,18,Premium,1,35,Jeffrey,False,5.0,-0.9749279121818236,-0.2225209339563146,0.0,0.0,0.0,0.0,1081,0,1,0,0,0,0
Female,36,Standard,2,118,Mike,False,3.0,0.43388373911755823,-0.900968867902419,0.0,0.0,0.0,0.0,938,0,0,0,0,0,0
Female,37,Standard,1,38,No one,False,6.0,-0.7818314824680299,0.6234898018587334,1.0,1.0,0.0,0.0,955,0,0,0,0,0,0
Male,37,Standard,3,125,No one,False,3.0,0.43388373911755823,-0.900968867902419,3.0,0.0,0.6666666666666666,0.3333333333333333,1103,0,0,0,0,0,0
Female,46,Premium,3,115,Jeffrey,True,3.0,0.43388373911755823,-0.900968867902419,2.0,0.0,0.5,0.0,1095,0,0,0,0,0,0
Male,39,Premium,4,116,No one,False,2.25,0.9009688679024191,-0.43388373911755806,1.0,0.0,1.0,0.0,1162,0,0,1,0,1,0
Female,39,Standard,2,116,No one,True,3.0,0.43388373911755823,-0.900968867902419,0.0,0.0,0.0,0.0,632,0,0,0,0,0,0
Female,37,Standard,1,80,No one,True,4.0,-0.433883739117558,-0.9009688679024191,2.0,0.0,0.0,0.5,636,0,0,0,1,0,0
Male,48,Standard,3,53,Hanna,True,1.0,0.7818314824680298,0.6234898018587336,0.0,0.0,0.0,0.0,932,0,0,1,0,0,0
Female,46,Premium,2,83,No one,True,0.5,0.4338837391175581,0.9009688679024191,0.0,0.0,0.0,0.0,1074,0,0,0,0,0,0
Female,45,Standard,2,140,Hanna,True,2.5,0.7818314824680299,-0.6234898018587335,0.0,0.0,0.0,0.0,936,0,0,0,0,0,0
Female,43,Premium,5,81,No one,True,3.2,0.26603684556667523,-0.9639628606958532,2.0,0.5,0.5,0.0,800,0,0,0,0,1,1
Female,38,Standard,1,151,No one,False,1.0,0.7818314824680298,0.6234898018587336,3.0,0.0,0.3333333333333333,0.6666666666666666,772,0,0,0,0,0,1
Female,16,Premium,5,87,Jeffrey,True,3.0,0.43388373911755823,-0.900968867902419,0.0,0.0,0.0,0.0,1119,0,0,0,0,0,0
Female,17,Standard,2,148,No one,True,4.5,-0.7818314824680297,-0.6234898018587337,0.0,0.0,0.0,0.0,1019,0,0,0,0,0,0
Male,42,Standard,1,86,No one,False,3.0,0.43388373911755823,-0.900968867902419,3.0,0.6666666666666666,0.3333333333333333,0.0,772,0,0,0,0,0,0
Female,33,Standard,2,176,Hanna,True,2.5,0.7818314824680299,-0.6234898018587335,0.0,0.0,0.0,0.0,596,0,0,0,0,0,0
Female,44,Premium,4,166,No one,True,1.5,0.9749279121818236,0.22252093395631445,1.0,0.0,1.0,0.0,1149,1,0,0,0,0,1
Female,35,Premium,5,180,No one,True,3.4,0.08963930890343362,-0.9959742939952391,0.0,0.0,0.0,0.0,641,0,0,0,0,0,0
Male,31,Premium,2,84,Hanna,False,1.0,0.7818314824680298,0.6234898018587336,2.0,0.5,0.0,0.5,1228,0,0,0,0,0,1
Male,40,Standard,1,74,No one,True,4.0,-0.433883739117558,-0.9009688679024191,0.0,0.0,0.0,0.0,1110,0,1,0,0,0,1
Female,49,Premium,2,77,Hanna,False,1.5,0.9749279121818236,0.22252093395631445,0.0,0.0,0.0,0.0,611,1,0,0,0,0,0
Female,16,Standard,5,41,No one,True,4.0,-0.433883739117558,-0.9009688679024191,2.0,1.0,0.0,0.0,1024,0,0,1,0,0,0
Male,27,Premium,3,141,No one,False,2.6666666666666665,0.6801727377709197,-0.733051871829826,0.0,0.0,0.0,0.0,1096,0,0,0,0,0,0
Female,49,Premium,2,82,Chantal,False,3.0,0.43388373911755823,-0.900968867902419,0.0,0.0,0.0,0.0,1170,1,0,0,0,0,0
Female,33,Premium,1,38,Hanna,False,6.0,-0.7818314824680299,0.6234898018587334,0.0,0.0,0.0,0.0,989,0,0,0,0,0,0
Male,16,Premium,2,72,Chantal,False,3.0,0.43388373911755823,-0.900968867902419,3.0,1.0,0.0,0.0,760,0,1,0,0,1,0
Female,21,Standard,2,115,Mike,True,1.0,0.7818314824680298,0.6234898018587336,0.0,0.0,0.0,0.0,626,0,0,0,1,0,1
Male,41,Premium,5,115,No one,True,2.8,0.5877852522924732,-0.8090169943749473,0.0,0.0,0.0,0.0,1235,0,0,0,0,0,0
Male,35,Premium,2,154,Hanna,True,4.0,-0.433883739117558,-0.9009688679024191,0.0,0.0,0.0,0.0,1190,0,0,0,0,0,0
Male,18,Standard,3,54,No one,False,3.3333333333333335,0.14904226617617428,-0.9888308262251285,3.0,0.6666666666666666,0.0,0.0,970,0,1,0,0,0,0
Male,49,Premium,3,160,No one,True,3.6666666666666665,-0.14904226617617403,-0.9888308262251286,0.0,0.0,0.0,0.0,925,0,0,0,0,1,0
Female,44,Premium,2,114,No one,False,4.0,-0.433883739117558,-0.9009688679024191,1.0,0.0,1.0,0.0,881,0,0,0,0,0,0
Female,30,Standard,1,148,No one,True,4.0,-0.433883739117558,-0.9009688679024191,0.0,0.0,0.0,0.0,994,0,0,0,0,0,0
Male,28,Standard,3,81,No one,False,3.3333333333333335,0.14904226617617428,-0.9888308262251285,0.0,0.0,0.0,0.0,648,0,0,0,0,0,0
Female,26,Premium,2,63,Chantal,True,5.0,-0.9749279121818236,-0.2225209339563146,1.0,0.0,1.0,0.0,1245,0,0,0,0,0,0
Male,32,Standard,3,53,No one,False,2.3333333333333335,0.8660254037844386,-0.5000000000000002,0.0,0.0,0.0,0.0,493,0,0,0,1,0,0
Male,26,Premium,5,101,No one,True,3.6,-0.08963930890343337,-0.9959742939952391,1.0,1.0,0.0,0.0,957,0,0,0,0,0,0
Male,19,Premium,3,52,Hanna,True,3.0,0.43388373911755823,-0.900968867902419,3.0,0.3333333333333333,0.3333333333333333,0.3333333333333333,502,0,0,0,0,0,0
Male,15,Standard,4,108,No one,True,4.25,-0.6234898018587338,-0.7818314824680296,0.0,0.0,0.0,0.0,846,0,1,0,1,0,0
Male,31,Standard,2,73,Chantal,True,2.5,0.7818314824680299,-0.6234898018587335,2.0,0.0,1.0,0.0,591,0,0,0,0,0,0
Male,39,Standard,5,128,Jeffrey,True,3.0,0.43388373911755823,-0.900968867902419,1.0,1.0,0.0,0.0,770,0,0,0,0,0,0
Female,43,Standard,3,103,Mike,False,4.333333333333333,-0.6801727377709191,-0.7330518718298266,3.0,0.3333333333333333,0.3333333333333333,0.3333333333333333,617,0,0,0,0,0,0
Female,26,Standard,5,92,Chantal,True,3.2,0.26603684556667523,-0.9639628606958532,0.0,0.0,0.0,0.0,1191,0,0,0,0,1,0
Male,15,Standard,1,149,Hanna,True,3.0,0.43388373911755823,-0.900968867902419,1.0,0.0,1.0,0.0,481,0,1,0,0,0,0
Male,33,Standard,2,123,Hanna,False,3.5,1.2246467991473532e-16,-1.0,2.0,0.5,0.5,0.0,1026,1,0,0,0,1,0
Male,46,Premium,5,83,Hanna,True,2.2,0.9195277725514506,-0.3930250316539238,0.0,0.0,0.0,0.0,1246,0,0,0,0,1,1
Male,48,Premium,1,79,Mike,False,4.0,-0.433883739117558,-0.9009688679024191,0.0,0.0,0.0,0.0,1132,0,0,0,0,1,0
Female,14,Standard,2,171,Mike,False,3.5,1.2246467991473532e-16,-1.0,3.0,0.0,0.0,0.6666666666666666,561,0,0,0,0,0,0
Male,38,Standard,5,141,Jeffrey,False,3.0,0.43388373911755823,-0.900968867902419,0.0,0.0,0.0,0.0,515,1,0,0,0,0,0
Male,44,Premium,3,169,Jeffrey,False,3.0,0.43388373911755823,-0.900968867902419,0.0,0.0,0.0,0.0,1180,0,0,0,0,0,0
Female,39,Standard,2,32,Mike,False,4.0,-0.433883739117558,-0.9009688679024191,0.0,0.0,0.0,0.0,730,1,0,1,0,0,0
Male,49,Standard,2,124,No one,False,3.5,1.2246467991473532e-16,-1.0,0.0,0.0,0.0,0.0,941,0,0,1,0,1,0
Male,17,Standard,3,138,No one,True,3.3333333333333335,0.14904226617617428,-0.9888308262251285,0.0,0.0,0.0,0.0,924,0,0,0,0,0,0
Female,35,Standard,2,179,Jeffrey,True,1.5,0.9749279121818236,0.22252093395631445,0.0,0.0,0.0,0.0,1122,0,0,0,0,0,0
Male,45,Standard,3,174,No one,True,2.0,0.9749279121818236,-0.22252093395631434,1.0,1.0,0.0,0.0,1062,0,0,0,0,0,0
Male,29,Standard,3,90,Hanna,False,2.3333333333333335,0.8660254037844386,-0.5000000000000002,3.0,0.6666666666666666,0.3333333333333333,0.0,1239,0,0,0,0,0,0
Female,42,Premium,3,60,Mike,False,2.6666666666666665,0.6801727377709197,-0.733051871829826,0.0,0.0,0.0,0.0,980,0,0,0,1,0,0
Female,18,Standard,3,127,No one,False,2.6666666666666665,0.6801727377709197,-0.733051871829826,3.0,0.3333333333333333,0.0,0.3333333333333333,526,0,0,0,0,0,0
Female,36,Standard,3,103,No one,True,2.6666666666666665,0.6801727377709197,-0.733051871829826,3.0,0.3333333333333333,0.0,0.3333333333333333,1053,0,0,0,0,0,0
Female,34,Standard,2,127,No one,True,1.5,0.9749279121818236,0.22252093395631445,3.0,0.0,0.3333333333333333,0.6666666666666666,843,0,0,1,0,0,0
Female,36,Premium,1,103,Chantal,False,4.0,-0.433883739117558,-0.9009688679024191,2.0,0.0,0.0,1.0,889,1,0,1,0,0,0
Female,45,Standard,3,132,No one,False,2.6666666666666665,0.6801727377709197,-0.733051871829826,0.0,0.0,0.0,0.0,822,0,0,0,0,0,0
Male,43,Standard,5,44,Mike,True,3.8,-0.26603684556667495,-0.9639628606958534,3.0,0.0,0.6666666666666666,0.3333333333333333,1052,0,0,0,0,0,0
Male,16,Premium,3,129,No one,True,3.0,0.43388373911755823,-0.900968867902419,0.0,0.0,0.0,0.0,577,0,0,0,1,0,0
Male,39,Premium,3,172,No one,False,1.3333333333333333,0.9308737486442041,0.3653410243663952,0.0,0.0,0.0,0.0,1087,1,0,0,0,1,0
Male,37,Standard,2,40,No one,False,1.5,0.9749279121818236,0.22252093395631445,0.0,0.0,0.0,0.0,690,1,0,0,0,0,0
Male,24,Standard,4,66,Chantal,False,4.0,-0.433883739117558,-0.9009688679024191,0.0,0.0,0.0,0.0,928,0,0,0,0,0,0
Male,37,Premium,3,143,Jeffrey,False,1.0,0.7818314824680298,0.6234898018587336,0.0,0.0,0.0,0.0,1235,0,0,0,0,0,0
Male,48,Premium,3,41,Jeffrey,False,2.3333333333333335,0.8660254037844386,-0.5000000000000002,0.0,0.0,0.0,0.0,869,0,0,0,0,0,0
Female,24,Standard,2,32,No one,False,2.5,0.7818314824680299,-0.6234898018587335,1.0,1.0,0.0,0.0,626,0,0,1,0,0,0
Male,41,Standard,1,93,No one,True,3.0,0.43388373911755823,-0.900968867902419,0.0,0.0,0.0,0.0,652,0,1,0,0,0,0
Female,48,Premium,3,56,Hanna,False,4.0,-0.433883739117558,-0.9009688679024191,2.0,0.0,0.5,0.5,930,0,0,0,1,0,1
Female,13,Premium,2,51,Jeffrey,False,5.5,-0.9749279121818238,0.22252093395631334,2.0,0.5,0.0,0.5,505,0,1,1,0,0,0
Male,43,Premium,3,67,No one,False,2.6666666666666665,0.6801727377709197,-0.733051871829826,0.0,0.0,0.0,0.0,519,0,0,0,0,0,0
Female,22,Premium,4,170,Hanna,False,2.5,0.7818314824680299,-0.6234898018587335,0.0,0.0,0.0,0.0,1168,1,0,0,1,0,0
Male,21,Standard,5,155,No one,True,3.4,0.08963930890343362,-0.9959742939952391,2.0,0.5,0.0,0.0,1017,0,0,0,0,0,0
Female,29,Premium,2,110,Chantal,False,3.0,0.43388373911755823,-0.900968867902419,2.0,0.5,0.0,0.0,1200,0,0,0,0,0,1
Male,39,Standard,2,75,Mike,False,5.5,-0.9749279121818238,0.22252093395631334,0.0,0.0,0.0,0.0,1013,0,0,0,0,0,0
Male,17,Standard,3,82,Chantal,True,3.0,0.43388373911755823,-0.900968867902419,0.0,0.0,0.0,0.0,662,0,0,0,0,0,0
Male,21,Standard,5,92,Chantal,True,3.2,0.26603684556667523,-0.9639628606958532,0.0,0.0,0.0,0.0,869,0,0,0,0,1,1
Female,28,Standard,3,150,Hanna,False,3.3333333333333335,0.14904226617617428,-0.9888308262251285,0.0,0.0,0.0,0.0,530,0,0,0,0,0,0
Male,37,Premium,1,85,No one,True,6.0,-0.7818314824680299,0.6234898018587334,2.0,0.5,0.0,0.0,736,0,0,0,0,0,0
Female,27,Premium,5,71,No one,False,2.4,0.8345732537213026,-0.5508969814521024,1.0,1.0,0.0,0.0,882,0,0,0,0,0,0
Female,24,Premium,1,100,Mike,True,5.0,-0.9749279121818236,-0.2225209339563146,0.0,0.0,0.0,0.0,1011,0,0,0,0,0,0
Female,18,Premium,1,150,Hanna,True,4.0,-0.433883739117558,-0.9009688679024191,0.0,0.0,0.0,0.0,553,0,1,0,0,0,0
Female,26,Standard,3,149,Mike,False,3.0,0.43388373911755823,-0.900968867902419,2.0,0.0,1.0,0.0,804,1,0,1,0,0,0
Male,23,Standard,1,147,No one,False,1.0,0.7818314824680298,0.6234898018587336,0.0,0.0,0.0,0.0,601,0,0,0,0,0,0
Female,18,Premium,2,179,Chantal,False,2.5,0.7818314824680299,-0.6234898018587335,0.0,0.0,0.0,0.0,1185,0,0,0,0,0,0
Female,25,Premium,4,71,No one,True,2.5,0.7818314824680299,-0.6234898018587335,3.0,0.3333333333333333,0.6666666666666666,0.0,565,0,0,0,0,0,0
Female,17,Premium,5,115,No one,False,2.8,0.5877852522924732,-0.8090169943749473,2.0,0.0,0.5,0.5,600,0,0,0,0,1,0
Female,25,Premium,1,135,Chantal,False,1.0,0.7818314824680298,0.6234898018587336,0.0,0.0,0.0,0.0,517,0,1,1,0,0,0
Female,47,Standard,2,55,Mike,True,2.0,0.9749279121818236,-0.22252093395631434,3.0,0.3333333333333333,0.3333333333333333,0.3333333333333333,762,1,0,0,0,1,0
Male,25,Premium,2,37,Jeffrey,True,2.5,0.7818314824680299,-0.6234898018587335,2.0,0.5,0.0,0.0,1231,0,0,0,0,0,0
Female,14,Premium,5,136,Chantal,True,3.4,0.08963930890343362,-0.9959742939952391,2.0,0.5,0.0,0.0,774,0,0,0,1,0,0
Male,14,Premium,3,59,No one,True,2.0,0.9749279121818236,-0.22252093395631434,1.0,0.0,0.0,1.0,1043,0,1,0,0,0,0
Male,49,Premium,3,156,No one,False,4.333333333333333,-0.6801727377709191,-0.7330518718298266,0.0,0.0,0.0,0.0,1036,0,0,1,0,0,0
Male,24,Standard,2,42,No one,True,3.5,1.2246467991473532e-16,-1.0,1.0,0.0,0.0,1.0,1138,1,1,0,0,0,0
Female,26,Standard,1,56,No one,False,5.0,-0.9749279121818236,-0.2225209339563146,2.0,0.0,1.0,0.0,764,0,0,0,0,0,0
Female,22,Standard,5,107,No one,False,2.6,0.7227948638273916,-0.6910626489868645,0.0,0.0,0.0,0.0,830,0,0,0,0,0,0
Male,12,Premium,3,118,No one,False,2.0,0.9749279121818236,-0.22252093395631434,2.0,0.5,0.5,0.0,894,0,0,0,0,0,0
Male,14,Premium,4,104,No one,False,2.75,0.6234898018587339,-0.7818314824680295,0.0,0.0,0.0,0.0,1236,0,0,1,0,0,0
Male,18,Premium,3,139,No one,False,3.6666666666666665,-0.14904226617617403,-0.9888308262251286,0.0,0.0,0.0,0.0,666,0,0,0,0,0,0
Male,26,Standard,3,70,No one,False,3.0,0.43388373911755823,-0.900968867902419,0.0,0.0,0.0,0.0,791,0,0,0,0,0,0
Male,46,Premium,1,163,No one,True,6.0,-0.7818314824680299,0.6234898018587334,0.0,0.0,0.0,0.0,878,0,0,1,0,1,0
Male,28,Standard,2,157,Jeffrey,True,2.0,0.9749279121818236,-0.22252093395631434,0.0,0.0,0.0,0.0,560,0,0,0,0,0,0
Male,13,Standard,5,107,No one,False,3.6,-0.08963930890343337,-0.9959742939952391,3.0,0.3333333333333333,0.0,0.6666666666666666,1033,0,0,0,0,0,0
Male,40,Premium,2,104,No one,True,2.5,0.7818314824680299,-0.6234898018587335,2.0,0.0,0.5,0.5,898,0,0,0,0,0,0
Male,25,Standard,4,85,No one,True,1.75,1.0,6.123233995736766e-17,0.0,0.0,0.0,0.0,1163,0,0,0,0,0,0
Female,17,Standard,3,107,No one,True,5.0,-0.9749279121818236,-0.2225209339563146,0.0,0.0,0.0,0.0,1082,0,0,0,0,0,0
Male,47,Premium,2,153,No one,True,5.0,-0.9749279121818236,-0.2225209339563146,0.0,0.0,0.0,0.0,598,0,0,0,0,0,0
Male,14,Standard,3,30,No one,False,4.666666666666667,-0.8660254037844388,-0.4999999999999996,3.0,0.0,0.3333333333333333,0.3333333333333333,1022,0,0,0,0,0,0
Male,38,Premium,2,33,Hanna,False,1.0,0.7818314824680298,0.6234898018587336,2.0,0.0,1.0,0.0,701,0,1,0,1,0,0
Female,32,Standard,3,136,No one,False,4.666666666666667,-0.8660254037844388,-0.4999999999999996,0.0,0.0,0.0,0.0,841,0,0,0,0,0,0
Female,13,Standard,1,37,No one,True,3.0,0.43388373911755823,-0.900968867902419,0.0,0.0,0.0,0.0,620,0,0,0,1,0,0
Female,41,Standard,1,53,Chantal,False,4.0,-0.433883739117558,-0.9009688679024191,1.0,0.0,1.0,0.0,705,0,0,0,1,0,1
Female,19,Premium,2,167,Mike,False,1.0,0.7818314824680298,0.6234898018587336,1.0,0.0,0.0,1.0,642,0,0,0,0,0,0
Male,48,Premium,2,91,No one,True,2.5,0.7818314824680299,-0.6234898018587335,2.0,0.5,0.0,0.5,706,0,0,0,1,0,1
Female,35,Standard,3,149,No one,True,3.3333333333333335,0.14904226617617428,-0.9888308262251285,1.0,0.0,0.0,1.0,900,1,0,0,0,0,0
Female,39,Standard,5,58,No one,True,2.4,0.8345732537213026,-0.5508969814521024,1.0,1.0,0.0,0.0,1144,0,1,0,0,0,0
Female,23,Premium,4,32,No one,False,4.0,-0.433883739117558,-0.9009688679024191,3.0,0.6666666666666666,0.0,0.3333333333333333,557,0,0,0,0,0,0
Male,39,Premium,3,103,Chantal,False,3.6666666666666665,-0.14904226617617403,-0.9888308262251286,0.0,0.0,0.0,0.0,756,0,0,0,0,0,0
Male,47,Standard,2,125,Jeffrey,True,4.0,-0.433883739117558,-0.9009688679024191,1.0,0.0,0.0,0.0,493,0,0,0,0,0,0
Female,14,Premium,5,111,No one,False,3.4,0.08963930890343362,-0.9959742939952391,3.0,0.3333333333333333,0.0,0.6666666666666666,649,0,1,0,0,0,0
Male,14,Standard,5,137,No one,True,3.4,0.08963930890343362,-0.9959742939952391,3.0,0.3333333333333333,0.3333333333333333,0.3333333333333333,1216,0,0,0,0,0,0
Female,41,Standard,1,61,No one,False,6.0,-0.7818314824680299,0.6234898018587334,0.0,0.0,0.0,0.0,712,0,0,0,0,0,0
Female,44,Standard,1,66,Jeffrey,False,2.0,0.9749279121818236,-0.22252093395631434,3.0,0.0,0.3333333333333333,0.6666666666666666,497,1,0,0,0,1,0
Female,24,Premium,5,73,No one,True,4.0,-0.433883739117558,-0.9009688679024191,2.0,0.0,1.0,0.0,546,0,0,1,0,1,0
Female,39,Standard,4,104,Hanna,True,3.5,1.2246467991473532e-16,-1.0,0.0,0.0,0.0,0.0,837,0,0,1,0,0,0
Male,37,Premium,1,80,No one,False,2.0,0.9749279121818236,-0.22252093395631434,1.0,0.0,0.0,0.0,550,0,0,0,0,1,1
Male,25,Standard,3,103,Jeffrey,False,2.0,0.9749279121818236,-0.22252093395631434,3.0,0.3333333333333333,0.0,0.3333333333333333,993,0,0,0,0,0,0
Female,37,Premium,1,142,Mike,False,5.0,-0.9749279121818236,-0.2225209339563146,0.0,0.0,0.0,0.0,551,0,0,0,0,0,1
Male,34,Premium,3,115,Hanna,True,3.6666666666666665,-0.14904226617617403,-0.9888308262251286,0.0,0.0,0.0,0.0,654,0,0,1,0,0,0
Male,49,Standard,1,45,No one,True,1.0,0.7818314824680298,0.6234898018587336,3.0,0.6666666666666666,0.3333333333333333,0.0,1223,0,0,0,0,1,0
Female,18,Standard,1,138,No one,True,2.0,0.9749279121818236,-0.22252093395631434,1.0,0.0,1.0,0.0,1071,1,0,0,1,0,0
Male,43,Standard,2,161,Chantal,True,1.5,0.9749279121818236,0.22252093395631445,0.0,0.0,0.0,0.0,1115,0,0,0,0,0,0
Female,30,Premium,3,91,No one,True,3.3333333333333335,0.14904226617617428,-0.9888308262251285,0.0,0.0,0.0,0.0,616,0,0,0,0,1,0
Male,29,Standard,3,134,No one,True,3.6666666666666665,-0.14904226617617403,-0.9888308262251286,3.0,0.3333333333333333,0.3333333333333333,0.0,553,0,0,0,0,0,0
Male,13,Premium,3,139,Chantal,False,1.3333333333333333,0.9308737486442041,0.3653410243663952,0.0,0.0,0.0,0.0,1225,0,0,0,0,0,0
Female,13,Standard,5,149,Jeffrey,False,3.2,0.26603684556667523,-0.9639628606958532,0.0,0.0,0.0,0.0,587,0,0,0,0,0,0
Male,45,Premium,3,125,No one,True,2.0,0.9749279121818236,-0.22252093395631434,0.0,0.0,0.0,0.0,790,0,0,1,0,0,0
Male,28,Premium,3,90,Hanna,False,3.3333333333333335,0.14904226617617428,-0.9888308262251285,0.0,0.0,0.0,0.0,617,0,0,0,0,0,0
Female,16,Premium,4,77,Hanna,False,2.5,0.7818314824680299,-0.6234898018587335,1.0,0.0,1.0,0.0,981,0,0,0,0,0,0
Female,36,Standard,4,32,Jeffrey,False,2.75,0.6234898018587339,-0.7818314824680295,0.0,0.0,0.0,0.0,1054,0,0,1,1,0,0
Female,19,Standard,2,57,Mike,True,2.0,0.9749279121818236,-0.22252093395631434,0.0,0.0,0.0,0.0,1000,0,0,0,0,0,0
Female,27,Standard,1,38,No one,False,0.0,0.0,1.0,0.0,0.0,0.0,0.0,750,0,1,0,0,0,1
Female,24,Standard,4,44,No one,False,3.5,1.2246467991473532e-16,-1.0,3.0,0.3333333333333333,0.3333333333333333,0.0,703,0,0,0,0,0,1
Male,22,Standard,5,77,Mike,False,3.6,-0.08963930890343337,-0.9959742939952391,1.0,0.0,0.0,1.0,631,0,0,0,0,0,1
Male,49,Standard,3,33,Chantal,False,1.6666666666666667,0.9972037971811801,0.07473009358642417,0.0,0.0,0.0,0.0,892,0,0,1,0,0,1
Male,15,Premium,3,156,Jeffrey,True,5.0,-0.9749279121818236,-0.2225209339563146,3.0,0.3333333333333333,0.0,0.6666666666666666,1086,0,0,0,0,0,0
Female,35,Premium,3,60,No one,False,2.6666666666666665,0.6801727377709197,-0.733051871829826,0.0,0.0,0.0,0.0,995,1,0,0,0,0,0
Female,24,Standard,5,69,No one,True,3.0,0.43388373911755823,-0.900968867902419,3.0,0.3333333333333333,0.0,0.6666666666666666,679,0,0,0,0,0,0
Male,41,Standard,5,93,No one,True,3.6,-0.08963930890343337,-0.9959742939952391,0.0,0.0,0.0,0.0,622,0,0,0,1,1,0
Male,36,Premium,3,99,Mike,True,4.0,-0.433883739117558,-0.9009688679024191,3.0,0.0,0.3333333333333333,0.6666666666666666,961,0,0,0,0,0,1
Male,35,Premium,2,136,Jeffrey,True,3.5,1.2246467991473532e-16,-1.0,3.0,0.0,0.3333333333333333,0.6666666666666666,1214,0,0,1,0,0,0
Male,32,Standard,3,78,No one,True,2.3333333333333335,0.8660254037844386,-0.5000000000000002,3.0,0.3333333333333333,0.3333333333333333,0.3333333333333333,1049,0,0,1,1,0,0
Female,39,Standard,3,37,Hanna,False,4.333333333333333,-0.6801727377709191,-0.7330518718298266,0.0,0.0,0.0,0.0,665,0,0,0,0,1,0
Male,28,Premium,5,128,Chantal,True,3.2,0.26603684556667523,-0.9639628606958532,2.0,0.5,0.5,0.0,811,0,0,0,0,0,0
Male,23,Premium,2,89,Hanna,True,1.0,0.7818314824680298,0.6234898018587336,3.0,0.6666666666666666,0.0,0.3333333333333333,1081,0,0,0,0,0,0
Male,40,Standard,3,155,No one,True,4.0,-0.433883739117558,-0.9009688679024191,3.0,0.6666666666666666,0.3333333333333333,0.0,1078,0,0,0,1,1,0
Female,19,Premium,5,143,Mike,False,2.8,0.5877852522924732,-0.8090169943749473,2.0,0.0,0.5,0.5,654,1,0,0,0,1,0
Female,41,Standard,2,105,No one,False,5.5,-0.9749279121818238,0.22252093395631334,2.0,0.5,0.5,0.0,597,0,1,0,1,0,0
Male,24,Standard,4,97,Hanna,False,4.25,-0.6234898018587338,-0.7818314824680296,2.0,0.5,0.5,0.0,792,0,0,0,0,0,0
Male,37,Standard,3,123,Chantal,False,3.6666666666666665,-0.14904226617617403,-0.9888308262251286,2.0,0.5,0.5,0.0,637,0,0,0,0,0,0
Female,43,Standard,1,141,No one,True,2.0,0.9749279121818236,-0.22252093395631434,3.0,0.3333333333333333,0.3333333333333333,0.0,650,0,0,0,0,0,0
Male,43,Premium,3,125,Mike,True,3.6666666666666665,-0.14904226617617403,-0.9888308262251286,0.0,0.0,0.0,0.0,722,0,0,0,0,0,1
Female,29,Standard,4,39,Mike,True,3.25,0.2225209339563141,-0.9749279121818237,3.0,0.3333333333333333,0.3333333333333333,0.3333333333333333,1095,0,0,0,0,0,0
Male,44,Premium,4,34,No one,True,2.75,0.6234898018587339,-0.7818314824680295,0.0,0.0,0.0,0.0,670,0,0,0,0,0,0
Male,27,Standard,2,108,No one,False,1.5,0.9749279121818236,0.22252093395631445,1.0,0.0,1.0,0.0,1232,0,0,1,0,1,0
Male,34,Standard,5,116,No one,False,2.8,0.5877852522924732,-0.8090169943749473,0.0,0.0,0.0,0.0,513,0,0,0,0,0,0
Male,18,Standard,4,75,No one,False,2.5,0.7818314824680299,-0.6234898018587335,3.0,0.3333333333333333,0.0,0.6666666666666666,1182,0,0,0,0,0,0
Male,30,Premium,2,140,Chantal,False,3.5,1.2246467991473532e-16,-1.0,0.0,0.0,0.0,0.0,518,0,0,0,1,0,0
Male,19,Standard,1,177,Jeffrey,False,6.0,-0.7818314824680299,0.6234898018587334,0.0,0.0,0.0,0.0,689,0,0,0,1,1,0
Male,27,Premium,1,178,No one,True,0.0,0.0,1.0,1.0,0.0,1.0,0.0,1102,1,1,0,0,0,0
Male,47,Premium,2,37,Chantal,True,0.5,0.4338837391175581,0.9009688679024191,2.0,0.5,0.0,0.5,1146,0,0,0,0,0,0
Female,42,Premium,2,141,Hanna,True,2.0,0.9749279121818236,-0.22252093395631434,0.0,0.0,0.0,0.0,1158,0,0,0,0,0,0
Male,34,Premium,3,38,No one,False,2.3333333333333335,0.8660254037844386,-0.5000000000000002,0.0,0.0,0.0,0.0,654,0,0,0,0,0,0
Male,39,Premium,4,31,No one,True,4.25,-0.6234898018587338,-0.7818314824680296,3.0,0.6666666666666666,0.0,0.3333333333333333,711,0,0,0,0,0,0
Female,23,Premium,5,158,No one,True,2.4,0.8345732537213026,-0.5508969814521024,2.0,0.5,0.5,0.0,1257,0,0,0,0,0,0
Male,40,Standard,3,92,Chantal,True,1.3333333333333333,0.9308737486442041,0.3653410243663952,0.0,0.0,0.0,0.0,1178,0,0,0,0,0,1
Male,39,Premium,5,62,Chantal,True,2.4,0.8345732537213026,-0.5508969814521024,0.0,0.0,0.0,0.0,928,0,0,0,0,0,0
Female,16,Premium,2,169,Hanna,False,3.0,0.43388373911755823,-0.900968867902419,2.0,0.0,0.5,0.0,550,0,0,1,0,0,0
Female,33,Premium,4,47,Hanna,True,3.5,1.2246467991473532e-16,-1.0,0.0,0.0,0.0,0.0,810,0,0,0,1,1,0
Male,47,Standard,1,104,No one,True,1.0,0.7818314824680298,0.6234898018587336,2.0,0.5,0.5,0.0,1095,0,0,0,1,0,0
Male,24,Premium,3,144,No one,False,1.6666666666666667,0.9972037971811801,0.07473009358642417,0.0,0.0,0.0,0.0,553,0,0,0,0,0,0
Female,33,Standard,2,180,Jeffrey,False,2.5,0.7818314824680299,-0.6234898018587335,1.0,1.0,0.0,0.0,564,0,0,0,0,0,0
Male,41,Premium,2,175,Chantal,True,1.5,0.9749279121818236,0.22252093395631445,3.0,0.6666666666666666,0.3333333333333333,0.0,1254,0,0,0,0,0,0
Male,36,Premium,1,98,No one,False,0.0,0.0,1.0,0.0,0.0,0.0,0.0,523,1,0,0,0,0,1
Female,48,Standard,5,141,Jeffrey,True,2.2,0.9195277725514506,-0.3930250316539238,1.0,0.0,0.0,1.0,681,0,0,0,1,0,0
Female,20,Premium,3,150,No one,True,3.0,0.43388373911755823,-0.900968867902419,0.0,0.0,0.0,0.0,928,0,0,0,0,1,0
Female,19,Premium,4,82,No one,True,4.5,-0.7818314824680297,-0.6234898018587337,0.0,0.0,0.0,0.0,676,0,0,0,0,0,0
Male,15,Standard,2,92,No one,False,3.0,0.43388373911755823,-0.900968867902419,1.0,0.0,0.0,1.0,1207,0,0,0,1,1,0
Male,27,Standard,1,104,No one,False,6.0,-0.7818314824680299,0.6234898018587334,0.0,0.0,0.0,0.0,1082,0,0,0,1,0,1
Male,31,Standard,2,58,Mike,False,4.5,-0.7818314824680297,-0.6234898018587337,1.0,0.0,0.0,0.0,1228,0,0,0,0,0,0
Male,20,Premium,3,151,Mike,False,1.6666666666666667,0.9972037971811801,0.07473009358642417,2.0,0.0,0.0,1.0,642,0,0,0,0,1,0
Female,13,Standard,3,32,No one,False,3.6666666666666665,-0.14904226617617403,-0.9888308262251286,3.0,0.0,0.0,0.6666666666666666,817,0,0,1,0,0,0
Male,17,Premium,2,56,No one,True,3.0,0.43388373911755823,-0.900968867902419,2.0,0.0,0.5,0.5,609,0,0,0,0,0,0
Male,43,Standard,2,75,Mike,True,3.0,0.43388373911755823,-0.900968867902419,0.0,0.0,0.0,0.0,790,0,0,0,0,0,0
Male,43,Premium,1,41,Mike,True,5.0,-0.9749279121818236,-0.2225209339563146,0.0,0.0,0.0,0.0,1183,0,0,0,0,0,0
Female,12,Premium,2,90,No one,False,4.5,-0.7818314824680297,-0.6234898018587337,3.0,0.3333333333333333,0.3333333333333333,0.3333333333333333,642,0,0,0,0,0,0
Female,49,Standard,5,51,No one,False,2.6,0.7227948638273916,-0.6910626489868645,3.0,0.3333333333333333,0.3333333333333333,0.3333333333333333,628,0,0,0,0,0,0
Female,33,Standard,3,165,No one,False,2.0,0.9749279121818236,-0.22252093395631434,3.0,0.6666666666666666,0.3333333333333333,0.0,791,0,1,0,0,0,0
Female,30,Standard,3,61,Jeffrey,False,2.6666666666666665,0.6801727377709197,-0.733051871829826,0.0,0.0,0.0,0.0,485,0,0,0,1,0,0
Female,28,Premium,3,135,No one,True,2.3333333333333335,0.8660254037844386,-0.5000000000000002,0.0,0.0,0.0,0.0,611,1,0,0,0,1,0
Female,33,Standard,3,93,Chantal,True,5.0,-0.9749279121818236,-0.2225209339563146,0.0,0.0,0.0,0.0,913,0,0,0,0,0,0
Female,16,Standard,3,135,No one,False,2.6666666666666665,0.6801727377709197,-0.733051871829826,0.0,0.0,0.0,0.0,1119,0,0,0,0,0,0
Male,41,Premium,1,64,No one,False,2.0,0.9749279121818236,-0.22252093395631434,1.0,0.0,0.0,1.0,1163,0,0,0,0,0,0
Male,20,Premium,1,158,No one,True,6.0,-0.7818314824680299,0.6234898018587334,0.0,0.0,0.0,0.0,683,0,0,0,1,0,0
Female,26,Standard,5,124,Jeffrey,False,3.4,0.08963930890343362,-0.9959742939952391,0.0,0.0,0.0,0.0,916,0,0,0,0,0,0
Male,19,Standard,3,85,No one,False,3.0,0.43388373911755823,-0.900968867902419,3.0,0.3333333333333333,0.3333333333333333,0.0,799,0,1,0,0,0,0
Male,43,Premium,5,156,Chantal,True,2.8,0.5877852522924732,-0.8090169943749473,3.0,0.3333333333333333,0.6666666666666666,0.0,569,0,0,0,0,0,0
Male,41,Standard,1,156,Mike,False,6.0,-0.7818314824680299,0.6234898018587334,1.0,0.0,0.0,1.0,821,0,0,1,0,0,0
Female,22,Standard,2,115,No one,False,1.0,0.7818314824680298,0.6234898018587336,1.0,0.0,0.0,0.0,733,1,0,0,0,0,0
Female,45,Premium,3,115,Mike,True,2.0,0.9749279121818236,-0.22252093395631434,2.0,0.0,0.5,0.0,939,0,0,0,1,1,0
Male,14,Premium,5,138,No one,False,3.2,0.26603684556667523,-0.9639628606958532,3.0,0.0,0.6666666666666666,0.3333333333333333,490,1,0,0,1,0,0
Male,26,Standard,1,176,No one,False,3.0,0.43388373911755823,-0.900968867902419,0.0,0.0,0.0,0.0,861,0,0,0,0,1,0
Female,46,Premium,1,134,Chantal,False,3.0,0.43388373911755823,-0.900968867902419,2.0,0.5,0.5,0.0,884,0,0,0,0,0,0
Male,35,Premium,5,110,Chantal,False,3.4,0.08963930890343362,-0.9959742939952391,0.0,0.0,0.0,0.0,787,1,0,0,1,0,0
Male,18,Standard,2,161,Jeffrey,False,4.0,-0.433883739117558,-0.9009688679024191,0.0,0.0,0.0,0.0,856,0,0,0,1,1,0
Female,29,Standard,4,174,No one,True,3.75,-0.22252093395631384,-0.9749279121818237,2.0,0.5,0.0,0.0,805,0,1,0,0,0,0
Male,27,Premium,2,88,Chantal,False,5.0,-0.9749279121818236,-0.2225209339563146,0.0,0.0,0.0,0.0,1042,0,0,0,1,1,0
Female,36,Premium,1,109,Mike,True,2.0,0.9749279121818236,-0.22252093395631434,0.0,0.0,0.0,0.0,1200,0,0,0,0,0,0
Female,29,Standard,2,108,Chantal,False,2.5,0.7818314824680299,-0.6234898018587335,0.0,0.0,0.0,0.0,1252,0,0,0,0,0,0
Male,36,Standard,3,105,Chantal,False,4.0,-0.433883739117558,-0.9009688679024191,1.0,1.0,0.0,0.0,1105,0,0,1,0,0,0
Male,36,Premium,4,30,No one,False,2.75,0.6234898018587339,-0.7818314824680295,0.0,0.0,0.0,0.0,752,0,0,0,0,0,0
Female,12,Premium,5,130,No one,False,2.8,0.5877852522924732,-0.8090169943749473,1.0,0.0,0.0,0.0,575,0,0,0,0,0,1
Male,34,Premium,2,63,No one,True,2.5,0.7818314824680299,-0.6234898018587335,0.0,0.0,0.0,0.0,1124,0,0,0,1,0,0
Female,44,Premium,2,160,Hanna,True,3.0,0.43388373911755823,-0.900968867902419,0.0,0.0,0.0,0.0,898,0,1,0,0,1,0
Male,46,Premium,3,54,No one,True,1.3333333333333333,0.9308737486442041,0.3653410243663952,1.0,0.0,0.0,1.0,1217,0,0,0,0,0,0
Female,37,Standard,1,95,Mike,False,5.0,-0.9749279121818236,-0.2225209339563146,1.0,1.0,0.0,0.0,517,0,0,1,0,1,0
Female,24,Premium,3,94,No one,True,3.6666666666666665,-0.14904226617617403,-0.9888308262251286,0.0,0.0,0.0,0.0,800,0,0,0,0,0,0
Male,46,Premium,4,102,Hanna,True,2.5,0.7818314824680299,-0.6234898018587335,2.0,0.0,0.0,0.5,992,0,1,0,0,1,0
Female,20,Premium,2,165,Hanna,True,3.5,1.2246467991473532e-16,-1.0,0.0,0.0,0.0,0.0,843,0,0,0,0,1,0
Male,32,Standard,3,47,Mike,False,3.6666666666666665,-0.14904226617617403,-0.9888308262251286,2.0,0.5,0.5,0.0,736,0,0,0,0,0,0
Female,26,Standard,3,67,Hanna,True,2.0,0.9749279121818236,-0.22252093395631434,0.0,0.0,0.0,0.0,578,0,0,0,0,0,0
Female,38,Standard,1,149,No one,True,4.0,-0.433883739117558,-0.9009688679024191,1.0,0.0,1.0,0.0,1109,0,0,0,0,0,0
Female,45,Premium,4,46,No one,False,2.5,0.7818314824680299,-0.6234898018587335,0.0,0.0,0.0,0.0,1172,0,0,0,1,1,0
Female,20,Standard,1,115,No one,True,4.0,-0.433883739117558,-0.9009688679024191,0.0,0.0,0.0,0.0,695,0,0,0,0,0,0
Male,48,Standard,3,67,No one,False,2.0,0.9749279121818236,-0.22252093395631434,0.0,0.0,0.0,0.0,1184,0,0,0,1,0,0
Female,41,Premium,4,68,Jeffrey,False,2.25,0.9009688679024191,-0.43388373911755806,0.0,0.0,0.0,0.0,1028,0,0,0,1,0,1
Male,24,Standard,2,75,Jeffrey,False,4.5,-0.7818314824680297,-0.6234898018587337,0.0,0.0,0.0,0.0,802,1,0,0,0,0,1
Female,47,Standard,3,177,No one,False,3.0,0.43388373911755823,-0.900968867902419,0.0,0.0,0.0,0.0,1009,1,0,0,0,1,0
Female,42,Premium,3,95,Chantal,True,3.0,0.43388373911755823,-0.900968867902419,2.0,1.0,0.0,0.0,704,0,0,0,0,0,0
Male,33,Standard,1,56,No one,False,4.0,-0.433883739117558,-0.9009688679024191,3.0,0.3333333333333333,0.3333333333333333,0.3333333333333333,966,0,0,0,0,0,0
Female,24,Standard,4,168,No one,False,3.5,1.2246467991473532e-16,-1.0,0.0,0.0,0.0,0.0,1037,0,0,0,1,0,1
Male,29,Standard,1,63,Mike,True,1.0,0.7818314824680298,0.6234898018587336,3.0,0.6666666666666666,0.0,0.0,779,0,0,0,0,0,0
Female,30,Standard,4,130,Jeffrey,True,2.75,0.6234898018587339,-0.7818314824680295,1.0,1.0,0.0,0.0,561,1,0,0,0,0,1
Male,46,Standard,5,177,Chantal,True,2.4,0.8345732537213026,-0.5508969814521024,2.0,0.5,0.0,0.5,581,0,0,0,0,1,0
Male,36,Standard,1,98,Chantal,True,1.0,0.7818314824680298,0.6234898018587336,1.0,0.0,0.0,1.0,1244,0,0,0,0,0,1
Female,29,Standard,4,97,No one,True,2.0,0.9749279121818236,-0.22252093395631434,2.0,1.0,0.0,0.0,551,0,0,0,0,0,0
Female,34,Premium,3,110,No one,False,4.0,-0.433883739117558,-0.9009688679024191,0.0,0.0,0.0,0.0,561,0,1,0,0,0,0
Female,47,Standard,2,91,No one,False,2.5,0.7818314824680299,-0.6234898018587335,2.0,0.0,0.0,0.5,1159,0,0,0,0,0,0
Female,26,Premium,2,102,Hanna,True,4.5,-0.7818314824680297,-0.6234898018587337,1.0,1.0,0.0,0.0,480,0,0,0,0,0,0
Female,41,Standard,3,69,No one,True,2.0,0.9749279121818236,-0.22252093395631434,0.0,0.0,0.0,0.0,566,0,0,1,0,0,0
Male,18,Premium,4,104,Mike,False,2.5,0.7818314824680299,-0.6234898018587335,0.0,0.0,0.0,0.0,539,0,0,0,0,0,0
Female,48,Premium,2,106,Jeffrey,True,1.5,0.9749279121818236,0.22252093395631445,3.0,0.3333333333333333,0.6666666666666666,0.0,495,0,1,0,0,0,0
Female,25,Premium,5,152,No one,False,3.8,-0.26603684556667495,-0.9639628606958534,0.0,0.0,0.0,0.0,973,0,0,0,0,0,0
Female,40,Premium,4,93,No one,False,3.75,-0.22252093395631384,-0.9749279121818237,1.0,0.0,0.0,1.0,1175,0,0,0,0,0,0
Female,27,Premium,4,130,Hanna,False,2.75,0.6234898018587339,-0.7818314824680295,0.0,0.0,0.0,0.0,992,0,0,0,0,1,0
Female,34,Premium,2,172,No one,False,5.0,-0.9749279121818236,-0.2225209339563146,0.0,0.0,0.0,0.0,805,1,0,0,0,0,0
Male,30,Premium,2,119,Chantal,False,4.0,-0.433883739117558,-0.9009688679024191,3.0,0.3333333333333333,0.0,0.6666666666666666,859,1,0,0,0,1,0
Male,30,Premium,2,117,Jeffrey,False,4.0,-0.433883739117558,-0.9009688679024191,0.0,0.0,0.0,0.0,678,0,0,0,0,0,0
Male,19,Premium,1,179,Hanna,True,2.0,0.9749279121818236,-0.22252093395631434,1.0,0.0,0.0,0.0,870,0,0,0,0,0,0
Male,49,Standard,5,56,No one,False,3.0,0.43388373911755823,-0.900968867902419,0.0,0.0,0.0,0.0,847,1,0,0,0,1,0
Female,27,Standard,1,144,Chantal,True,6.0,-0.7818314824680299,0.6234898018587334,1.0,1.0,0.0,0.0,934,1,0,0,0,0,0
Female,38,Premium,1,47,No one,False,1.0,0.7818314824680298,0.6234898018587336,0.0,0.0,0.0,0.0,852,0,0,0,0,0,0
Male,47,Standard,2,75,Mike,False,4.0,-0.433883739117558,-0.9009688679024191,0.0,0.0,0.0,0.0,738,0,0,0,0,1,0
Female,39,Standard,3,64,Jeffrey,False,4.0,-0.433883739117558,-0.9009688679024191,0.0,0.0,0.0,0.0,1026,0,0,0,1,0,0
Male,17,Standard,3,159,No one,True,1.6666666666666667,0.9972037971811801,0.07473009358642417,3.0,0.3333333333333333,0.3333333333333333,0.3333333333333333,711,0,0,0,0,0,0
Female,20,Standard,3,179,No one,False,2.6666666666666665,0.6801727377709197,-0.733051871829826,0.0,0.0,0.0,0.0,503,0,0,0,0,0,0
Female,15,Standard,3,135,No one,True,4.333333333333333,-0.6801727377709191,-0.7330518718298266,0.0,0.0,0.0,0.0,873,0,0,0,0,0,0
Female,38,Premium,3,82,No one,False,4.333333333333333,-0.6801727377709191,-0.7330518718298266,1.0,0.0,1.0,0.0,800,0,0,0,0,0,0
Male,49,Premium,3,42,Chantal,True,3.6666666666666665,-0.14904226617617403,-0.9888308262251286,0.0,0.0,0.0,0.0,1184,0,0,0,0,1,1
Female,28,Standard,4,38,No one,True,4.25,-0.6234898018587338,-0.7818314824680296,0.0,0.0,0.0,0.0,993,0,0,0,0,0,0
Female,38,Standard,5,175,No one,True,3.8,-0.26603684556667495,-0.9639628606958534,0.0,0.0,0.0,0.0,1079,0,0,1,0,0,0
Male,49,Premium,3,156,Mike,False,4.0,-0.433883739117558,-0.9009688679024191,2.0,0.5,0.5,0.0,653,0,0,0,0,0,0
Female,32,Standard,1,120,No one,True,5.0,-0.9749279121818236,-0.2225209339563146,0.0,0.0,0.0,0.0,1078,0,1,0,0,0,0
Male,18,Standard,3,62,No one,False,1.6666666666666667,0.9972037971811801,0.07473009358642417,1.0,1.0,0.0,0.0,873,0,0,0,0,0,0
Female,18,Premium,2,49,Hanna,False,3.0,0.43388373911755823,-0.900968867902419,2.0,0.5,0.0,0.5,953,0,0,0,0,0,0
Male,40,Premium,2,38,Hanna,True,3.5,1.2246467991473532e-16,-1.0,2.0,0.0,1.0,0.0,580,0,0,0,0,0,0
Male,42,Premium,5,129,Mike,False,3.2,0.26603684556667523,-0.9639628606958532,3.0,0.0,0.6666666666666666,0.0,725,1,0,1,0,0,0
Male,28,Standard,4,141,Mike,True,3.5,1.2246467991473532e-16,-1.0,0.0,0.0,0.0,0.0,575,1,0,0,0,0,0
Female,16,Premium,1,172,No one,True,2.0,0.9749279121818236,-0.22252093395631434,0.0,0.0,0.0,0.0,521,0,0,0,0,0,0
Female,24,Standard,2,138,Hanna,True,3.5,1.2246467991473532e-16,-1.0,2.0,0.0,0.0,1.0,1064,0,0,0,0,0,0
Male,14,Standard,3,177,Hanna,False,4.333333333333333,-0.6801727377709191,-0.7330518718298266,0.0,0.0,0.0,0.0,1156,0,0,1,0,0,0
Female,20,Premium,3,150,Hanna,False,2.6666666666666665,0.6801727377709197,-0.733051871829826,0.0,0.0,0.0,0.0,937,0,0,0,0,0,0
Female,41,Standard,1,84,Chantal,False,4.0,-0.433883739117558,-0.9009688679024191,2.0,0.5,0.0,0.0,586,0,0,0,0,0,1
Male,23,Premium,2,68,Chantal,True,2.5,0.7818314824680299,-0.6234898018587335,0.0,0.0,0.0,0.0,1151,0,1,0,1,0,0
Male,49,Standard,3,44,Mike,False,4.0,-0.433883739117558,-0.9009688679024191,2.0,1.0,0.0,0.0,1240,0,0,0,0,0,0
Female,45,Standard,2,85,Hanna,True,2.5,0.7818314824680299,-0.6234898018587335,0.0,0.0,0.0,0.0,534,0,0,0,0,0,0
Female,48,Standard,2,140,Hanna,False,2.5,0.7818314824680299,-0.6234898018587335,0.0,0.0,0.0,0.0,1226,0,0,0,0,0,0
Female,29,Standard,3,72,No one,False,3.6666666666666665,-0.14904226617617403,-0.9888308262251286,0.0,0.0,0.0,0.0,660,0,0,0,0,1,1
Female,31,Standard,5,105,Chantal,True,3.6,-0.08963930890343337,-0.9959742939952391,3.0,0.3333333333333333,0.0,0.6666666666666666,587,0,0,0,0,0,0
Female,29,Premium,1,142,Mike,False,2.0,0.9749279121818236,-0.22252093395631434,1.0,0.0,0.0,1.0,1150,0,0,0,1,0,1
Male,43,Premium,3,166,Mike,True,4.0,-0.433883739117558,-0.9009688679024191,3.0,0.0,0.6666666666666666,0.0,820,0,0,1,0,1,0
Male,29,Standard,2,57,Hanna,True,4.0,-0.433883739117558,-0.9009688679024191,0.0,0.0,0.0,0.0,1029,0,0,0,0,0,0
Male,45,Standard,2,167,Hanna,True,3.0,0.43388373911755823,-0.900968867902419,1.0,1.0,0.0,0.0,959,0,0,0,0,0,0
Male,29,Standard,1,74,Mike,True,3.0,0.43388373911755823,-0.900968867902419,0.0,0.0,0.0,0.0,1243,0,0,0,0,0,0
Male,24,Standard,3,128,No one,True,3.3333333333333335,0.14904226617617428,-0.9888308262251285,2.0,1.0,0.0,0.0,720,0,1,0,0,0,0
Female,39,Premium,3,68,Jeffrey,False,2.6666666666666665,0.6801727377709197,-0.733051871829826,2.0,0.5,0.0,0.5,997,0,0,0,0,0,0
Male,33,Standard,2,61,Mike,True,4.0,-0.433883739117558,-0.9009688679024191,1.0,0.0,0.0,0.0,896,0,0,0,0,0,1
Female,17,Standard,2,41,No one,True,1.5,0.9749279121818236,0.22252093395631445,0.0,0.0,0.0,0.0,486,1,0,0,1,0,0
Female,35,Standard,4,178,Hanna,True,1.5,0.9749279121818236,0.22252093395631445,0.0,0.0,0.0,0.0,943,0,0,0,0,0,0
Male,39,Premium,3,33,No one,False,3.3333333333333335,0.14904226617617428,-0.9888308262251285,1.0,1.0,0.0,0.0,736,0,0,0,0,0,0
Female,25,Premium,2,170,No one,False,1.5,0.9749279121818236,0.22252093395631445,0.0,0.0,0.0,0.0,1220,1,1,0,0,0,0
Male,14,Premium,1,92,No one,True,4.0,-0.433883739117558,-0.9009688679024191,0.0,0.0,0.0,0.0,730,1,0,0,0,0,0
Female,40,Standard,3,154,Mike,False,4.333333333333333,-0.6801727377709191,-0.7330518718298266,3.0,0.3333333333333333,0.3333333333333333,0.3333333333333333,1025,0,0,0,0,0,0
Female,25,Premium,1,55,No one,True,5.0,-0.9749279121818236,-0.2225209339563146,0.0,0.0,0.0,0.0,955,1,0,1,0,0,0
Female,36,Premium,2,162,Jeffrey,False,5.5,-0.9749279121818238,0.22252093395631334,2.0,0.5,0.0,0.5,620,0,0,0,0,0,0
Male,25,Premium,3,63,No one,True,1.6666666666666667,0.9972037971811801,0.07473009358642417,3.0,0.3333333333333333,0.0,0.3333333333333333,885,0,0,0,0,0,0
Female,24,Premium,2,115,No one,False,4.0,-0.433883739117558,-0.9009688679024191,3.0,0.3333333333333333,0.3333333333333333,0.3333333333333333,1113,0,0,0,0,1,1
Female,35,Premium,2,81,No one,False,5.0,-0.9749279121818236,-0.2225209339563146,2.0,0.5,0.5,0.0,862,0,0,0,0,0,1
Male,31,Standard,4,141,Mike,False,3.75,-0.22252093395631384,-0.9749279121818237,2.0,0.0,0.5,0.0,1039,0,0,1,1,0,0
Male,32,Premium,5,132,No one,True,3.4,0.08963930890343362,-0.9959742939952391,0.0,0.0,0.0,0.0,668,1,0,0,0,1,0
Male,48,Premium,3,135,Hanna,True,5.0,-0.9749279121818236,-0.2225209339563146,2.0,0.0,0.0,0.5,961,0,0,0,0,0,0
Male,45,Standard,4,57,Hanna,True,3.75,-0.22252093395631384,-0.9749279121818237,0.0,0.0,0.0,0.0,679,0,0,0,0,0,0
Female,22,Premium,3,121,Chantal,True,3.0,0.43388373911755823,-0.900968867902419,1.0,1.0,0.0,0.0,706,0,0,0,0,0,0
Female,39,Standard,5,157,Mike,False,3.4,0.08963930890343362,-0.9959742939952391,2.0,0.0,0.0,0.5,965,0,0,0,0,0,0
Female,45,Standard,2,175,Mike,False,3.0,0.43388373911755823,-0.900968867902419,2.0,0.5,0.0,0.5,1106,0,0,1,0,1,0
Female,17,Standard,2,166,Mike,True,1.5,0.9749279121818236,0.22252093395631445,1.0,0.0,0.0,0.0,729,1,0,0,0,1,0
Male,35,Standard,2,103,No one,False,5.5,-0.9749279121818238,0.22252093395631334,1.0,1.0,0.0,0.0,779,0,0,0,0,0,0
Female,33,Premium,5,122,No one,True,3.8,-0.26603684556667495,-0.9639628606958534,3.0,0.3333333333333333,0.3333333333333333,0.0,741,1,0,0,1,0,0
Male,14,Standard,2,70,No one,True,1.0,0.7818314824680298,0.6234898018587336,0.0,0.0,0.0,0.0,586,0,0,0,0,0,0
Male,40,Standard,1,90,No one,False,3.0,0.43388373911755823,-0.900968867902419,0.0,0.0,0.0,0.0,1227,1,1,0,0,0,0
Female,23,Premium,2,134,Jeffrey,False,2.0,0.9749279121818236,-0.22252093395631434,2.0,0.5,0.0,0.5,882,0,0,1,0,1,0
Male,14,Premium,2,161,No one,False,2.5,0.7818314824680299,-0.6234898018587335,3.0,0.6666666666666666,0.3333333333333333,0.0,825,0,0,0,0,0,0
Female,12,Standard,5,56,No one,True,2.4,0.8345732537213026,-0.5508969814521024,1.0,1.0,0.0,0.0,1112,0,0,1,0,0,0
Male,15,Standard,2,150,Hanna,False,5.0,-0.9749279121818236,-0.2225209339563146,0.0,0.0,0.0,0.0,552,0,0,0,0,0,0
Female,20,Premium,3,158,No one,False,3.0,0.43388373911755823,-0.900968867902419,0.0,0.0,0.0,0.0,844,0,0,0,0,0,0
Female,21,Premium,3,118,Chantal,False,3.0,0.43388373911755823,-0.900968867902419,0.0,0.0,0.0,0.0,639,0,0,0,0,1,0
Female,29,Premium,2,80,Chantal,True,5.0,-0.9749279121818236,-0.2225209339563146,0.0,0.0,0.0,0.0,662,0,0,0,1,1,0
Male,24,Standard,3,133,Jeffrey,True,4.0,-0.433883739117558,-0.9009688679024191,0.0,0.0,0.0,0.0,646,0,0,0,0,0,0
Female,29,Standard,2,140,Hanna,True,4.5,-0.7818314824680297,-0.6234898018587337,0.0,0.0,0.0,0.0,939,0,0,0,0,0,0
Female,14,Premium,3,171,No one,True,1.6666666666666667,0.9972037971811801,0.07473009358642417,1.0,1.0,0.0,0.0,931,0,0,0,0,0,0
Male,49,Standard,1,77,No one,False,1.0,0.7818314824680298,0.6234898018587336,3.0,0.3333333333333333,0.6666666666666666,0.0,978,0,0,0,0,1,0
Female,37,Standard,3,37,No one,False,3.3333333333333335,0.14904226617617428,-0.9888308262251285,0.0,0.0,0.0,0.0,873,0,0,0,0,0,0
Female,19,Standard,4,134,No one,False,2.75,0.6234898018587339,-0.7818314824680295,1.0,1.0,0.0,0.0,947,0,0,0,0,0,0
Male,23,Premium,2,52,No one,True,2.5,0.7818314824680299,-0.6234898018587335,0.0,0.0,0.0,0.0,1144,1,0,0,0,1,0
Female,34,Premium,2,94,Mike,True,2.5,0.7818314824680299,-0.6234898018587335,0.0,0.0,0.0,0.0,1022,0,0,1,0,0,0
Male,18,Premium,3,87,No one,False,2.3333333333333335,0.8660254037844386,-0.5000000000000002,3.0,0.6666666666666666,0.0,0.3333333333333333,701,0,0,0,0,0,0
Male,27,Premium,3,122,Hanna,False,3.3333333333333335,0.14904226617617428,-0.9888308262251285,0.0,0.0,0.0,0.0,1218,0,0,1,0,0,0
Male,47,Premium,5,89,No one,True,3.4,0.08963930890343362,-0.9959742939952391,0.0,0.0,0.0,0.0,686,0,0,0,0,0,0
Male,30,Standard,2,159,Mike,True,4.0,-0.433883739117558,-0.9009688679024191,0.0,0.0,0.0,0.0,742,0,0,0,0,0,0
Male,40,Premium,2,79,Jeffrey,True,3.0,0.43388373911755823,-0.900968867902419,3.0,0.6666666666666666,0.0,0.3333333333333333,1233,1,0,0,0,1,0
Female,20,Standard,1,94,No one,False,1.0,0.7818314824680298,0.6234898018587336,3.0,0.6666666666666666,0.3333333333333333,0.0,906,0,0,0,0,0,0
Male,36,Premium,3,76,Hanna,False,2.0,0.9749279121818236,-0.22252093395631434,0.0,0.0,0.0,0.0,1013,0,0,0,0,0,0
Female,45,Premium,4,50,Hanna,True,3.5,1.2246467991473532e-16,-1.0,0.0,0.0,0.0,0.0,605,0,0,1,1,0,0
Female,36,Premium,3,89,No one,True,4.0,-0.433883739117558,-0.9009688679024191,3.0,0.6666666666666666,0.0,0.3333333333333333,579,0,0,0,0,0,0
Female,36,Premium,1,83,No one,True,4.0,-0.433883739117558,-0.9009688679024191,0.0,0.0,0.0,0.0,665,0,0,0,0,1,1
Male,16,Standard,1,67,No one,True,0.0,0.0,1.0,2.0,0.0,0.5,0.5,779,0,0,0,0,0,0
Female,24,Standard,3,49,Mike,True,3.6666666666666665,-0.14904226617617403,-0.9888308262251286,0.0,0.0,0.0,0.0,1153,0,0,0,0,0,0
Female,36,Premium,1,70,No one,False,2.0,0.9749279121818236,-0.22252093395631434,0.0,0.0,0.0,0.0,1050,0,0,0,1,0,0
Female,40,Standard,1,106,No one,True,6.0,-0.7818314824680299,0.6234898018587334,2.0,0.5,0.5,0.0,963,0,0,0,0,0,0
Female,40,Premium,2,137,Jeffrey,False,3.5,1.2246467991473532e-16,-1.0,1.0,0.0,1.0,0.0,1147,0,0,0,0,0,0
Female,14,Premium,2,66,Chantal,True,5.5,-0.9749279121818238,0.22252093395631334,0.0,0.0,0.0,0.0,609,0,0,0,0,0,0
Female,33,Premium,1,157,No one,False,2.0,0.9749279121818236,-0.22252093395631434,0.0,0.0,0.0,0.0,849,0,0,0,0,0,0
Male,43,Standard,1,53,Mike,False,6.0,-0.7818314824680299,0.6234898018587334,0.0,0.0,0.0,0.0,562,0,0,0,0,0,0
Male,48,Standard,2,125,No one,False,2.5,0.7818314824680299,-0.6234898018587335,3.0,0.6666666666666666,0.3333333333333333,0.0,912,1,0,0,0,0,1
Female,12,Standard,5,113,No one,True,3.0,0.43388373911755823,-0.900968867902419,0.0,0.0,0.0,0.0,625,0,0,0,0,0,0
Male,39,Premium,4,62,Chantal,True,3.0,0.43388373911755823,-0.900968867902419,2.0,0.0,0.0,0.5,815,0,1,0,1,0,0
Male,30,Premium,3,76,No one,True,4.333333333333333,-0.6801727377709191,-0.7330518718298266,1.0,0.0,0.0,1.0,669,1,0,0,0,0,1
Female,24,Standard,3,40,No one,True,3.6666666666666665,-0.14904226617617403,-0.9888308262251286,1.0,0.0,1.0,0.0,1253,0,0,0,0,0,0
Female,47,Standard,1,50,No one,False,0.0,0.0,1.0,0.0,0.0,0.0,0.0,1172,0,1,0,0,0,0
Male,34,Standard,1,122,No one,False,6.0,-0.7818314824680299,0.6234898018587334,3.0,0.6666666666666666,0.0,0.0,887,0,0,1,0,0,1
Male,30,Premium,1,77,No one,True,4.0,-0.433883739117558,-0.9009688679024191,0.0,0.0,0.0,0.0,1061,0,1,0,0,0,0
Female,23,Standard,1,49,No one,True,2.0,0.9749279121818236,-0.22252093395631434,2.0,0.0,0.5,0.5,1140,0,0,1,1,0,0
Male,24,Standard,1,138,No one,False,4.0,-0.433883739117558,-0.9009688679024191,3.0,0.3333333333333333,0.3333333333333333,0.0,905,0,0,0,0,0,0
Male,13,Standard,2,93,No one,True,2.5,0.7818314824680299,-0.6234898018587335,0.0,0.0,0.0,0.0,1169,0,0,0,1,0,0
Female,18,Standard,4,160,No one,False,3.0,0.43388373911755823,-0.900968867902419,0.0,0.0,0.0,0.0,683,0,0,0,0,0,1
Male,45,Premium,5,78,No one,False,3.8,-0.26603684556667495,-0.9639628606958534,0.0,0.0,0.0,0.0,1183,0,0,1,0,0,1
Female,41,Standard,1,67,No one,False,5.0,-0.9749279121818236,-0.2225209339563146,0.0,0.0,0.0,0.0,623,0,0,1,0,0,0
Female,13,Premium,1,34,No one,False,1.0,0.7818314824680298,0.6234898018587336,2.0,0.0,0.5,0.5,759,0,0,0,0,0,0
Female,34,Standard,1,112,Chantal,False,2.0,0.9749279121818236,-0.22252093395631434,1.0,0.0,0.0,1.0,628,1,0,0,0,1,0
Female,43,Standard,1,121,Jeffrey,False,0.0,0.0,1.0,0.0,0.0,0.0,0.0,904,0,0,0,0,0,0
Male,39,Premium,2,108,Jeffrey,True,1.5,0.9749279121818236,0.22252093395631445,0.0,0.0,0.0,0.0,1077,1,0,0,1,0,0
Female,13,Premium,3,77,No one,False,3.3333333333333335,0.14904226617617428,-0.9888308262251285,3.0,0.3333333333333333,0.6666666666666666,0.0,827,1,1,0,0,0,0
Male,22,Standard,5,172,Chantal,False,3.2,0.26603684556667523,-0.9639628606958532,0.0,0.0,0.0,0.0,556,0,0,0,0,0,0
Male,23,Standard,3,139,Hanna,False,3.0,0.43388373911755823,-0.900968867902419,3.0,0.6666666666666666,0.0,0.3333333333333333,603,1,0,0,1,0,0
Female,37,Premium,3,144,No one,False,3.0,0.43388373911755823,-0.900968867902419,0.0,0.0,0.0,0.0,1053,1,0,0,0,0,0
Male,29,Premium,5,61,No one,True,2.8,0.5877852522924732,-0.8090169943749473,3.0,0.0,0.3333333333333333,0.6666666666666666,578,0,0,0,0,0,0
Female,23,Premium,5,149,No one,False,2.8,0.5877852522924732,-0.8090169943749473,0.0,0.0,0.0,0.0,837,0,1,0,0,0,0
Female,23,Standard,5,90,No one,False,2.6,0.7227948638273916,-0.6910626489868645,0.0,0.0,0.0,0.0,993,0,0,0,0,0,0
Male,27,Premium,3,147,No one,False,4.0,-0.433883739117558,-0.9009688679024191,1.0,0.0,0.0,1.0,648,0,1,0,1,0,0
Female,15,Premium,1,131,Mike,False,4.0,-0.433883739117558,-0.9009688679024191,1.0,0.0,1.0,0.0,1146,0,0,0,1,0,1
Female,41,Premium,5,132,No one,True,3.0,0.43388373911755823,-0.900968867902419,0.0,0.0,0.0,0.0,833,0,0,0,0,0,0
Female,15,Standard,2,91,No one,False,4.0,-0.433883739117558,-0.9009688679024191,0.0,0.0,0.0,0.0,755,0,0,0,0,0,0
Male,13,Premium,3,36,No one,True,1.6666666666666667,0.9972037971811801,0.07473009358642417,3.0,0.0,0.3333333333333333,0.3333333333333333,931,0,0,0,0,1,0
Male,49,Premium,3,83,No one,True,4.0,-0.433883739117558,-0.9009688679024191,1.0,1.0,0.0,0.0,655,0,0,0,0,1,0
Male,32,Standard,3,132,Mike,True,3.0,0.43388373911755823,-0.900968867902419,3.0,0.3333333333333333,0.0,0.3333333333333333,597,0,0,0,0,0,1
Female,43,Premium,5,150,Jeffrey,True,2.8,0.5877852522924732,-0.8090169943749473,0.0,0.0,0.0,0.0,770,1,0,0,0,0,0
Female,33,Premium,2,171,No one,False,1.0,0.7818314824680298,0.6234898018587336,1.0,0.0,0.0,1.0,1225,0,0,0,1,0,0
Male,45,Premium,3,137,Hanna,True,5.0,-0.9749279121818236,-0.2225209339563146,0.0,0.0,0.0,0.0,621,0,0,0,0,0,0
Male,43,Standard,3,148,Mike,False,2.0,0.9749279121818236,-0.22252093395631434,0.0,0.0,0.0,0.0,647,0,0,0,0,0,0
Male,40,Standard,3,153,Mike,False,3.6666666666666665,-0.14904226617617403,-0.9888308262251286,0.0,0.0,0.0,0.0,718,0,0,0,1,0,0
Female,31,Standard,5,144,Chantal,False,4.0,-0.433883739117558,-0.9009688679024191,0.0,0.0,0.0,0.0,581,0,0,0,0,0,0
Female,48,Standard,2,171,Jeffrey,True,2.5,0.7818314824680299,-0.6234898018587335,0.0,0.0,0.0,0.0,1034,0,0,0,0,0,0
Male,21,Premium,3,66,Hanna,True,2.3333333333333335,0.8660254037844386,-0.5000000000000002,0.0,0.0,0.0,0.0,829,0,0,0,0,0,0
Female,18,Standard,4,64,Mike,True,3.0,0.43388373911755823,-0.900968867902419,0.0,0.0,0.0,0.0,582,0,0,0,0,0,0
Female,24,Premium,2,105,No one,False,0.5,0.4338837391175581,0.9009688679024191,3.0,0.3333333333333333,0.3333333333333333,0.0,699,0,0,0,0,0,0
Male,34,Standard,2,128,Hanna,False,2.0,0.9749279121818236,-0.22252093395631434,0.0,0.0,0.0,0.0,1021,0,0,0,0,0,0
Female,22,Standard,5,81,Chantal,False,3.4,0.08963930890343362,-0.9959742939952391,1.0,1.0,0.0,0.0,944,0,0,0,0,0,0
Female,21,Premium,5,167,No one,False,2.4,0.8345732537213026,-0.5508969814521024,2.0,0.5,0.0,0.5,696,0,0,0,0,0,0
Male,42,Standard,4,148,Chantal,True,3.0,0.43388373911755823,-0.900968867902419,2.0,0.5,0.0,0.5,1161,0,0,0,0,0,0
Female,47,Standard,2,168,No one,False,1.0,0.7818314824680298,0.6234898018587336,2.0,0.5,0.5,0.0,1127,1,0,0,0,1,0
Male,44,Premium,5,132,Mike,True,3.8,-0.26603684556667495,-0.9639628606958534,2.0,0.5,0.5,0.0,927,0,0,0,0,0,0
Male,38,Standard,3,63,Mike,True,2.3333333333333335,0.8660254037844386,-0.5000000000000002,2.0,0.5,0.0,0.5,766,0,1,0,0,0,0
Female,14,Premium,2,55,No one,True,5.5,-0.9749279121818238,0.22252093395631334,1.0,0.0,1.0,0.0,858,0,1,0,1,0,0
Female,19,Premium,3,51,Mike,True,4.666666666666667,-0.8660254037844388,-0.4999999999999996,0.0,0.0,0.0,0.0,1063,0,0,0,0,0,0
Female,14,Standard,3,162,No one,True,4.333333333333333,-0.6801727377709191,-0.7330518718298266,1.0,0.0,0.0,1.0,839,0,1,0,0,0,0
Female,21,Premium,3,90,Hanna,False,3.3333333333333335,0.14904226617617428,-0.9888308262251285,0.0,0.0,0.0,0.0,562,0,0,0,0,0,1
Female,31,Standard,3,179,Chantal,True,3.3333333333333335,0.14904226617617428,-0.9888308262251285,0.0,0.0,0.0,0.0,614,0,0,0,0,0,0
Female,33,Premium,4,84,No one,False,3.25,0.2225209339563141,-0.9749279121818237,0.0,0.0,0.0,0.0,624,0,1,0,0,0,0
Female,28,Standard,3,136,Jeffrey,True,5.0,-0.9749279121818236,-0.2225209339563146,0.0,0.0,0.0,0.0,808,1,0,0,0,0,1
Male,13,Premium,2,159,No one,True,2.5,0.7818314824680299,-0.6234898018587335,1.0,0.0,1.0,0.0,563,0,0,0,0,0,0
Male,43,Standard,3,98,Mike,True,3.6666666666666665,-0.14904226617617403,-0.9888308262251286,0.0,0.0,0.0,0.0,1117,0,0,0,0,0,0
Male,14,Standard,1,101,No one,False,0.0,0.0,1.0,3.0,0.0,0.3333333333333333,0.6666666666666666,716,0,0,0,0,0,0
Male,36,Premium,2,141,Hanna,True,3.5,1.2246467991473532e-16,-1.0,0.0,0.0,0.0,0.0,1009,0,0,0,0,0,0
Female,26,Standard,1,117,Jeffrey,False,0.0,0.0,1.0,1.0,0.0,1.0,0.0,702,0,0,0,0,0,0
Female,13,Standard,3,32,Mike,False,1.0,0.7818314824680298,0.6234898018587336,0.0,0.0,0.0,0.0,816,0,0,0,0,0,0
Male,25,Standard,1,147,Mike,False,4.0,-0.433883739117558,-0.9009688679024191,0.0,0.0,0.0,0.0,933,0,0,0,0,0,0
Male,46,Premium,2,150,Mike,True,2.0,0.9749279121818236,-0.22252093395631434,0.0,0.0,0.0,0.0,502,0,0,0,0,0,0
Female,22,Premium,3,71,No one,True,1.6666666666666667,0.9972037971811801,0.07473009358642417,3.0,1.0,0.0,0.0,997,1,0,0,0,0,0
Male,30,Premium,3,76,Hanna,True,4.0,-0.433883739117558,-0.9009688679024191,3.0,0.0,0.6666666666666666,0.3333333333333333,884,0,0,0,1,0,0
Male,33,Standard,1,108,No one,True,2.0,0.9749279121818236,-0.22252093395631434,1.0,0.0,1.0,0.0,1001,0,0,0,0,0,0
Female,28,Premium,4,166,Mike,True,1.75,1.0,6.123233995736766e-17,1.0,1.0,0.0,0.0,670,0,0,0,0,0,0
Male,48,Standard,3,96,Hanna,True,4.0,-0.433883739117558,-0.9009688679024191,0.0,0.0,0.0,0.0,667,1,0,0,1,0,0
Female,16,Premium,5,111,No one,False,2.0,0.9749279121818236,-0.22252093395631434,0.0,0.0,0.0,0.0,999,0,0,0,0,1,0
Male,35,Standard,3,70,Mike,True,2.6666666666666665,0.6801727377709197,-0.733051871829826,1.0,0.0,1.0,0.0,636,1,0,0,0,1,0
Male,24,Standard,3,139,No one,False,3.3333333333333335,0.14904226617617428,-0.9888308262251285,0.0,0.0,0.0,0.0,1140,0,0,0,1,0,0
Male,16,Premium,3,50,No one,True,4.333333333333333,-0.6801727377709191,-0.7330518718298266,3.0,0.6666666666666666,0.0,0.0,810,0,1,0,0,0,0
Male,32,Standard,3,101,No one,True,2.3333333333333335,0.8660254037844386,-0.5000000000000002,1.0,0.0,1.0,0.0,1067,0,0,0,0,0,0
Female,32,Standard,3,160,No one,False,4.0,-0.433883739117558,-0.9009688679024191,3.0,0.3333333333333333,0.6666666666666666,0.0,892,0,0,0,0,0,0
Female,21,Standard,2,44,Mike,False,3.5,1.2246467991473532e-16,-1.0,3.0,0.6666666666666666,0.3333333333333333,0.0,1199,0,0,0,0,0,0
Male,36,Premium,4,171,Mike,False,1.75,1.0,6.123233995736766e-17,1.0,0.0,0.0,1.0,1162,1,0,0,0,0,0
Male,37,Standard,1,132,Mike,True,4.0,-0.433883739117558,-0.9009688679024191,2.0,0.5,0.0,0.0,964,0,0,0,0,0,1
Female,49,Premium,1,103,No one,False,4.0,-0.433883739117558,-0.9009688679024191,3.0,0.0,0.3333333333333333,0.6666666666666666,917,0,0,0,1,0,0
Male,42,Standard,1,93,Hanna,True,0.0,0.0,1.0,1.0,1.0,0.0,0.0,845,0,1,0,0,0,1
Female,45,Premium,5,100,Chantal,True,3.0,0.43388373911755823,-0.900968867902419,0.0,0.0,0.0,0.0,1144,0,0,0,0,1,0
Male,47,Premium,3,105,No one,True,2.3333333333333335,0.8660254037844386,-0.5000000000000002,0.0,0.0,0.0,0.0,648,0,1,0,0,0,1
Female,34,Standard,1,158,Chantal,False,6.0,-0.7818314824680299,0.6234898018587334,3.0,0.6666666666666666,0.0,0.0,554,0,0,0,0,0,0
Male,27,Premium,3,64,No one,False,3.3333333333333335,0.14904226617617428,-0.9888308262251285,0.0,0.0,0.0,0.0,710,0,0,0,0,0,0
Female,43,Standard,3,138,Chantal,False,3.0,0.43388373911755823,-0.900968867902419,0.0,0.0,0.0,0.0,502,0,0,0,0,0,0
Male,33,Premium,3,144,Chantal,False,3.3333333333333335,0.14904226617617428,-0.9888308262251285,1.0,0.0,1.0,0.0,624,0,0,0,0,0,0
Female,39,Standard,5,161,Chantal,False,2.8,0.5877852522924732,-0.8090169943749473,2.0,0.5,0.0,0.5,582,0,1,0,0,0,0
Male,17,Standard,4,173,Hanna,False,2.5,0.7818314824680299,-0.6234898018587335,2.0,0.0,0.5,0.0,1190,0,0,1,1,0,0
Female,36,Standard,2,171,No one,True,0.5,0.4338837391175581,0.9009688679024191,0.0,0.0,0.0,0.0,616,1,0,0,0,0,1
Female,40,Standard,3,106,No one,False,2.0,0.9749279121818236,-0.22252093395631434,0.0,0.0,0.0,0.0,1256,0,0,0,0,0,0
Female,15,Standard,3,134,No one,True,3.3333333333333335,0.14904226617617428,-0.9888308262251285,2.0,0.5,0.5,0.0,554,0,1,0,0,1,0
Male,40,Standard,2,152,Jeffrey,True,2.5,0.7818314824680299,-0.6234898018587335,0.0,0.0,0.0,0.0,1041,0,0,0,1,0,1
Male,23,Standard,4,126,Jeffrey,False,2.5,0.7818314824680299,-0.6234898018587335,2.0,0.5,0.5,0.0,623,1,0,0,0,0,0
Female,18,Premium,2,139,No one,False,2.0,0.9749279121818236,-0.22252093395631434,0.0,0.0,0.0,0.0,1001,0,0,1,1,0,0
